"benchmark_layer","benchmark_name","engine","dataset","layout","run_kind","run_index","elapsed_seconds","peak_rss_mb","rows","bytes_on_disk","file_count","checksum","notes","timestamp_utc"
"parquet_layout","broad_scan","duckdb","stocks_69m","existing_monolithic","first","0","0.209799","116.207","69635916","1092744797","1","a45f7770192771b3","top_security=^SPX; max_date=2025-12-31 00:00:00","2026-08-19T17:35:57.144820+00:00"
"parquet_layout","broad_scan","duckdb","stocks_69m","existing_monolithic","warm","1","0.209187","120.066","69635916","1092744797","1","a45f7770192771b3","top_security=^SPX; max_date=2025-12-31 00:00:00","2026-08-19T17:35:57.144820+00:00"
"parquet_layout","broad_scan","duckdb","stocks_69m","existing_monolithic","warm","2","0.217458","120.289","69635916","1092744797","1","a45f7770192771b3","top_security=^SPX; max_date=2025-12-31 00:00:00","2026-08-19T17:35:57.144820+00:00"
"parquet_layout","broad_scan","duckdb","stocks_69m","existing_monolithic","warm","3","0.245112","119.223","69635916","1092744797","1","a45f7770192771b3","top_security=^SPX; max_date=2025-12-31 00:00:00","2026-08-19T17:35:57.144820+00:00"
"parquet_layout","broad_scan","duckdb","stocks_69m","existing_monolithic","warm","4","0.222864","120.18","69635916","1092744797","1","a45f7770192771b3","top_security=^SPX; max_date=2025-12-31 00:00:00","2026-08-19T17:35:57.144820+00:00"
"parquet_layout","broad_scan","duckdb","stocks_69m","existing_monolithic","warm","5","0.221059","118.953","69635916","1092744797","1","a45f7770192771b3","top_security=^SPX; max_date=2025-12-31 00:00:00","2026-08-19T17:35:57.144820+00:00"
"parquet_layout","single_security","duckdb","stocks_69m","existing_monolithic","first","0","0.019104","95.785","69635916","1092744797","1","405dfc29a213e8f0","top_security=^SPX; max_date=2025-12-31 00:00:00","2026-08-19T17:35:57.144820+00:00"
"parquet_layout","single_security","duckdb","stocks_69m","existing_monolithic","warm","1","0.01914","95.156","69635916","1092744797","1","405dfc29a213e8f0","top_security=^SPX; max_date=2025-12-31 00:00:00","2026-08-19T17:35:57.144820+00:00"
"parquet_layout","single_security","duckdb","stocks_69m","existing_monolithic","warm","2","0.018216","95.141","69635916","1092744797","1","405dfc29a213e8f0","top_security=^SPX; max_date=2025-12-31 00:00:00","2026-08-19T17:35:57.144820+00:00"
"parquet_layout","single_security","duckdb","stocks_69m","existing_monolithic","warm","3","0.018952","94.543","69635916","1092744797","1","405dfc29a213e8f0","top_security=^SPX; max_date=2025-12-31 00:00:00","2026-08-19T17:35:57.144820+00:00"
"parquet_layout","single_security","duckdb","stocks_69m","existing_monolithic","warm","4","0.019563","94.852","69635916","1092744797","1","405dfc29a213e8f0","top_security=^SPX; max_date=2025-12-31 00:00:00","2026-08-19T17:35:57.144820+00:00"
"parquet_layout","single_security","duckdb","stocks_69m","existing_monolithic","warm","5","0.018698","94.84","69635916","1092744797","1","405dfc29a213e8f0","top_security=^SPX; max_date=2025-12-31 00:00:00","2026-08-19T17:35:57.144820+00:00"
"parquet_layout","date_range_365d","duckdb","stocks_69m","existing_monolithic","first","0","0.182444","117.934","69635916","1092744797","1","580e72ab90e2e197","top_security=^SPX; max_date=2025-12-31 00:00:00","2026-08-19T17:35:57.144820+00:00"
"parquet_layout","date_range_365d","duckdb","stocks_69m","existing_monolithic","warm","1","0.185761","117.727","69635916","1092744797","1","580e72ab90e2e197","top_security=^SPX; max_date=2025-12-31 00:00:00","2026-08-19T17:35:57.144820+00:00"
"parquet_layout","date_range_365d","duckdb","stocks_69m","existing_monolithic","warm","2","0.179642","119.996","69635916","1092744797","1","580e72ab90e2e197","top_security=^SPX; max_date=2025-12-31 00:00:00","2026-08-19T17:35:57.144820+00:00"
"parquet_layout","date_range_365d","duckdb","stocks_69m","existing_monolithic","warm","3","0.17145","118.117","69635916","1092744797","1","580e72ab90e2e197","top_security=^SPX; max_date=2025-12-31 00:00:00","2026-08-19T17:35:57.144820+00:00"
"parquet_layout","date_range_365d","duckdb","stocks_69m","existing_monolithic","warm","4","0.175849","120.645","69635916","1092744797","1","580e72ab90e2e197","top_security=^SPX; max_date=2025-12-31 00:00:00","2026-08-19T17:35:57.146297+00:00"
"parquet_layout","date_range_365d","duckdb","stocks_69m","existing_monolithic","warm","5","0.176804","117.074","69635916","1092744797","1","580e72ab90e2e197","top_security=^SPX; max_date=2025-12-31 00:00:00","2026-08-19T17:35:57.146297+00:00"
"parquet_layout","security_date_range","duckdb","stocks_69m","existing_monolithic","first","0","0.019351","96.605","69635916","1092744797","1","bc02f80eeb629161","top_security=^SPX; max_date=2025-12-31 00:00:00","2026-08-19T17:35:57.146297+00:00"
"parquet_layout","security_date_range","duckdb","stocks_69m","existing_monolithic","warm","1","0.018795","100.258","69635916","1092744797","1","bc02f80eeb629161","top_security=^SPX; max_date=2025-12-31 00:00:00","2026-08-19T17:35:57.146297+00:00"
"parquet_layout","security_date_range","duckdb","stocks_69m","existing_monolithic","warm","2","0.01807","100.242","69635916","1092744797","1","bc02f80eeb629161","top_security=^SPX; max_date=2025-12-31 00:00:00","2026-08-19T17:35:57.146297+00:00"
"parquet_layout","security_date_range","duckdb","stocks_69m","existing_monolithic","warm","3","0.018356","100.289","69635916","1092744797","1","bc02f80eeb629161","top_security=^SPX; max_date=2025-12-31 00:00:00","2026-08-19T17:35:57.146297+00:00"
"parquet_layout","security_date_range","duckdb","stocks_69m","existing_monolithic","warm","4","0.018154","100.707","69635916","1092744797","1","bc02f80eeb629161","top_security=^SPX; max_date=2025-12-31 00:00:00","2026-08-19T17:35:57.146297+00:00"
"parquet_layout","security_date_range","duckdb","stocks_69m","existing_monolithic","warm","5","0.019265","100.797","69635916","1092744797","1","bc02f80eeb629161","top_security=^SPX; max_date=2025-12-31 00:00:00","2026-08-19T17:35:57.146297+00:00"
"parquet_layout","cross_section_latest","duckdb","stocks_69m","existing_monolithic","first","0","0.027987","100.781","69635916","1092744797","1","b61deb6957c96d0e","top_security=^SPX; max_date=2025-12-31 00:00:00","2026-08-19T17:35:57.146297+00:00"
"parquet_layout","cross_section_latest","duckdb","stocks_69m","existing_monolithic","warm","1","0.030745","98.902","69635916","1092744797","1","b61deb6957c96d0e","top_security=^SPX; max_date=2025-12-31 00:00:00","2026-08-19T17:35:57.146297+00:00"
"parquet_layout","cross_section_latest","duckdb","stocks_69m","existing_monolithic","warm","2","0.028815","98.641","69635916","1092744797","1","b61deb6957c96d0e","top_security=^SPX; max_date=2025-12-31 00:00:00","2026-08-19T17:35:57.146297+00:00"
"parquet_layout","cross_section_latest","duckdb","stocks_69m","existing_monolithic","warm","3","0.030432","113.391","69635916","1092744797","1","b61deb6957c96d0e","top_security=^SPX; max_date=2025-12-31 00:00:00","2026-08-19T17:35:57.146297+00:00"
"parquet_layout","cross_section_latest","duckdb","stocks_69m","existing_monolithic","warm","4","0.03041","113.129","69635916","1092744797","1","b61deb6957c96d0e","top_security=^SPX; max_date=2025-12-31 00:00:00","2026-08-19T17:35:57.146297+00:00"
"parquet_layout","cross_section_latest","duckdb","stocks_69m","existing_monolithic","warm","5","0.029073","113.457","69635916","1092744797","1","b61deb6957c96d0e","top_security=^SPX; max_date=2025-12-31 00:00:00","2026-08-19T17:35:57.146297+00:00"
"parquet_layout","broad_scan","duckdb","stocks_69m","market_frequency_year_zstd_128mb","first","0","0.273476","138.305","69635916","1077997160","327","a45f7770192771b3","top_security=^SPX; max_date=2025-12-31 00:00:00","2026-08-19T17:35:57.146297+00:00"
"parquet_layout","broad_scan","duckdb","stocks_69m","market_frequency_year_zstd_128mb","warm","1","0.292141","131.457","69635916","1077997160","327","a45f7770192771b3","top_security=^SPX; max_date=2025-12-31 00:00:00","2026-08-19T17:35:57.146297+00:00"
"parquet_layout","broad_scan","duckdb","stocks_69m","market_frequency_year_zstd_128mb","warm","2","0.280997","138.398","69635916","1077997160","327","a45f7770192771b3","top_security=^SPX; max_date=2025-12-31 00:00:00","2026-08-19T17:35:57.146297+00:00"
"parquet_layout","broad_scan","duckdb","stocks_69m","market_frequency_year_zstd_128mb","warm","3","0.277003","139.527","69635916","1077997160","327","a45f7770192771b3","top_security=^SPX; max_date=2025-12-31 00:00:00","2026-08-19T17:35:57.146297+00:00"
"parquet_layout","broad_scan","duckdb","stocks_69m","market_frequency_year_zstd_128mb","warm","4","0.279107","141.098","69635916","1077997160","327","a45f7770192771b3","top_security=^SPX; max_date=2025-12-31 00:00:00","2026-08-19T17:35:57.146297+00:00"
"parquet_layout","broad_scan","duckdb","stocks_69m","market_frequency_year_zstd_128mb","warm","5","0.288426","142.637","69635916","1077997160","327","a45f7770192771b3","top_security=^SPX; max_date=2025-12-31 00:00:00","2026-08-19T17:35:57.146297+00:00"
"parquet_layout","single_security","duckdb","stocks_69m","market_frequency_year_zstd_128mb","first","0","0.098314","125.285","69635916","1077997160","327","405dfc29a213e8f0","top_security=^SPX; max_date=2025-12-31 00:00:00","2026-08-19T17:35:57.146297+00:00"
"parquet_layout","single_security","duckdb","stocks_69m","market_frequency_year_zstd_128mb","warm","1","0.1023","124.996","69635916","1077997160","327","405dfc29a213e8f0","top_security=^SPX; max_date=2025-12-31 00:00:00","2026-08-19T17:35:57.146297+00:00"
"parquet_layout","single_security","duckdb","stocks_69m","market_frequency_year_zstd_128mb","warm","2","0.097004","117.883","69635916","1077997160","327","405dfc29a213e8f0","top_security=^SPX; max_date=2025-12-31 00:00:00","2026-08-19T17:35:57.146297+00:00"
"parquet_layout","single_security","duckdb","stocks_69m","market_frequency_year_zstd_128mb","warm","3","0.096389","124.434","69635916","1077997160","327","405dfc29a213e8f0","top_security=^SPX; max_date=2025-12-31 00:00:00","2026-08-19T17:35:57.146297+00:00"
"parquet_layout","single_security","duckdb","stocks_69m","market_frequency_year_zstd_128mb","warm","4","0.095833","126.441","69635916","1077997160","327","405dfc29a213e8f0","top_security=^SPX; max_date=2025-12-31 00:00:00","2026-08-19T17:35:57.146297+00:00"
"parquet_layout","single_security","duckdb","stocks_69m","market_frequency_year_zstd_128mb","warm","5","0.098664","124.691","69635916","1077997160","327","405dfc29a213e8f0","top_security=^SPX; max_date=2025-12-31 00:00:00","2026-08-19T17:35:57.146297+00:00"
"parquet_layout","date_range_365d","duckdb","stocks_69m","market_frequency_year_zstd_128mb","first","0","0.104392","121.078","69635916","1077997160","327","580e72ab90e2e197","top_security=^SPX; max_date=2025-12-31 00:00:00","2026-08-19T17:35:57.146297+00:00"
"parquet_layout","date_range_365d","duckdb","stocks_69m","market_frequency_year_zstd_128mb","warm","1","0.10046","129.418","69635916","1077997160","327","580e72ab90e2e197","top_security=^SPX; max_date=2025-12-31 00:00:00","2026-08-19T17:35:57.146297+00:00"
"parquet_layout","date_range_365d","duckdb","stocks_69m","market_frequency_year_zstd_128mb","warm","2","0.099901","124.785","69635916","1077997160","327","580e72ab90e2e197","top_security=^SPX; max_date=2025-12-31 00:00:00","2026-08-19T17:35:57.146297+00:00"
"parquet_layout","date_range_365d","duckdb","stocks_69m","market_frequency_year_zstd_128mb","warm","3","0.100058","127.098","69635916","1077997160","327","580e72ab90e2e197","top_security=^SPX; max_date=2025-12-31 00:00:00","2026-08-19T17:35:57.146297+00:00"
"parquet_layout","date_range_365d","duckdb","stocks_69m","market_frequency_year_zstd_128mb","warm","4","0.099434","127.293","69635916","1077997160","327","580e72ab90e2e197","top_security=^SPX; max_date=2025-12-31 00:00:00","2026-08-19T17:35:57.146297+00:00"
"parquet_layout","date_range_365d","duckdb","stocks_69m","market_frequency_year_zstd_128mb","warm","5","0.101068","128.578","69635916","1077997160","327","580e72ab90e2e197","top_security=^SPX; max_date=2025-12-31 00:00:00","2026-08-19T17:35:57.146297+00:00"
"parquet_layout","security_date_range","duckdb","stocks_69m","market_frequency_year_zstd_128mb","first","0","0.088793","118.621","69635916","1077997160","327","bc02f80eeb629161","top_security=^SPX; max_date=2025-12-31 00:00:00","2026-08-19T17:35:57.146297+00:00"
"parquet_layout","security_date_range","duckdb","stocks_69m","market_frequency_year_zstd_128mb","warm","1","0.088562","118.895","69635916","1077997160","327","bc02f80eeb629161","top_security=^SPX; max_date=2025-12-31 00:00:00","2026-08-19T17:35:57.146297+00:00"
"parquet_layout","security_date_range","duckdb","stocks_69m","market_frequency_year_zstd_128mb","warm","2","0.088211","118.922","69635916","1077997160","327","bc02f80eeb629161","top_security=^SPX; max_date=2025-12-31 00:00:00","2026-08-19T17:35:57.146297+00:00"
"parquet_layout","security_date_range","duckdb","stocks_69m","market_frequency_year_zstd_128mb","warm","3","0.089534","118.969","69635916","1077997160","327","bc02f80eeb629161","top_security=^SPX; max_date=2025-12-31 00:00:00","2026-08-19T17:35:57.146297+00:00"
"parquet_layout","security_date_range","duckdb","stocks_69m","market_frequency_year_zstd_128mb","warm","4","0.089154","119.18","69635916","1077997160","327","bc02f80eeb629161","top_security=^SPX; max_date=2025-12-31 00:00:00","2026-08-19T17:35:57.146297+00:00"
"parquet_layout","security_date_range","duckdb","stocks_69m","market_frequency_year_zstd_128mb","warm","5","0.088413","119.281","69635916","1077997160","327","bc02f80eeb629161","top_security=^SPX; max_date=2025-12-31 00:00:00","2026-08-19T17:35:57.146297+00:00"
"parquet_layout","cross_section_latest","duckdb","stocks_69m","market_frequency_year_zstd_128mb","first","0","0.09241","119.336","69635916","1077997160","327","b61deb6957c96d0e","top_security=^SPX; max_date=2025-12-31 00:00:00","2026-08-19T17:35:57.146297+00:00"
"parquet_layout","cross_section_latest","duckdb","stocks_69m","market_frequency_year_zstd_128mb","warm","1","0.092927","121.312","69635916","1077997160","327","b61deb6957c96d0e","top_security=^SPX; max_date=2025-12-31 00:00:00","2026-08-19T17:35:57.146297+00:00"
"parquet_layout","cross_section_latest","duckdb","stocks_69m","market_frequency_year_zstd_128mb","warm","2","0.092343","120.52","69635916","1077997160","327","b61deb6957c96d0e","top_security=^SPX; max_date=2025-12-31 00:00:00","2026-08-19T17:35:57.146297+00:00"
"parquet_layout","cross_section_latest","duckdb","stocks_69m","market_frequency_year_zstd_128mb","warm","3","0.092964","113.23","69635916","1077997160","327","b61deb6957c96d0e","top_security=^SPX; max_date=2025-12-31 00:00:00","2026-08-19T17:35:57.146297+00:00"
"parquet_layout","cross_section_latest","duckdb","stocks_69m","market_frequency_year_zstd_128mb","warm","4","0.09358","124.602","69635916","1077997160","327","b61deb6957c96d0e","top_security=^SPX; max_date=2025-12-31 00:00:00","2026-08-19T17:35:57.146297+00:00"
"parquet_layout","cross_section_latest","duckdb","stocks_69m","market_frequency_year_zstd_128mb","warm","5","0.092331","120.035","69635916","1077997160","327","b61deb6957c96d0e","top_security=^SPX; max_date=2025-12-31 00:00:00","2026-08-19T17:35:57.146297+00:00"
"data_engine","broad_scan","duckdb","stocks_69m_partitioned","market_frequency_year_zstd_128mb","first","0","0.287277","204.344","69635916","1077997160","327","a45f7770192771b3","","2026-08-19T17:36:14.506333+00:00"
"data_engine","broad_scan","duckdb","stocks_69m_partitioned","market_frequency_year_zstd_128mb","warm","1","0.304539","201.738","69635916","1077997160","327","a45f7770192771b3","","2026-08-19T17:36:14.506333+00:00"
"data_engine","broad_scan","duckdb","stocks_69m_partitioned","market_frequency_year_zstd_128mb","warm","2","0.302362","203.395","69635916","1077997160","327","a45f7770192771b3","","2026-08-19T17:36:14.506333+00:00"
"data_engine","broad_scan","duckdb","stocks_69m_partitioned","market_frequency_year_zstd_128mb","warm","3","0.29157","202.492","69635916","1077997160","327","a45f7770192771b3","","2026-08-19T17:36:14.506333+00:00"
"data_engine","broad_scan","duckdb","stocks_69m_partitioned","market_frequency_year_zstd_128mb","warm","4","0.281516","204.625","69635916","1077997160","327","a45f7770192771b3","","2026-08-19T17:36:14.506333+00:00"
"data_engine","broad_scan","duckdb","stocks_69m_partitioned","market_frequency_year_zstd_128mb","warm","5","0.299443","204.668","69635916","1077997160","327","a45f7770192771b3","","2026-08-19T17:36:14.506333+00:00"
"data_engine","broad_scan","polars","stocks_69m_partitioned","market_frequency_year_zstd_128mb","first","0","0.303018","1426.129","69635916","1077997160","327","154be30d22d436f8","","2026-08-19T17:36:14.506333+00:00"
"data_engine","broad_scan","polars","stocks_69m_partitioned","market_frequency_year_zstd_128mb","warm","1","0.278947","1734.402","69635916","1077997160","327","154be30d22d436f8","","2026-08-19T17:36:14.506333+00:00"
"data_engine","broad_scan","polars","stocks_69m_partitioned","market_frequency_year_zstd_128mb","warm","2","0.285979","1917.066","69635916","1077997160","327","154be30d22d436f8","","2026-08-19T17:36:14.506333+00:00"
"data_engine","broad_scan","polars","stocks_69m_partitioned","market_frequency_year_zstd_128mb","warm","3","0.280998","2016.633","69635916","1077997160","327","154be30d22d436f8","","2026-08-19T17:36:14.506333+00:00"
"data_engine","broad_scan","polars","stocks_69m_partitioned","market_frequency_year_zstd_128mb","warm","4","0.33522","1984.934","69635916","1077997160","327","154be30d22d436f8","","2026-08-19T17:36:14.506333+00:00"
"data_engine","broad_scan","polars","stocks_69m_partitioned","market_frequency_year_zstd_128mb","warm","5","0.290468","2090.32","69635916","1077997160","327","154be30d22d436f8","","2026-08-19T17:36:14.506333+00:00"
"data_engine","broad_scan","pyarrow","stocks_69m_partitioned","market_frequency_year_zstd_128mb","first","0","0.396822","3342.062","69635916","1077997160","327","a45f7770192771b3","","2026-08-19T17:36:14.506333+00:00"
"data_engine","broad_scan","pyarrow","stocks_69m_partitioned","market_frequency_year_zstd_128mb","warm","1","0.392501","3724.508","69635916","1077997160","327","a45f7770192771b3","","2026-08-19T17:36:14.506333+00:00"
"data_engine","broad_scan","pyarrow","stocks_69m_partitioned","market_frequency_year_zstd_128mb","warm","2","0.392021","3832.863","69635916","1077997160","327","a45f7770192771b3","","2026-08-19T17:36:14.506333+00:00"
"data_engine","broad_scan","pyarrow","stocks_69m_partitioned","market_frequency_year_zstd_128mb","warm","3","0.457668","3832.848","69635916","1077997160","327","a45f7770192771b3","","2026-08-19T17:36:14.506333+00:00"
"data_engine","broad_scan","pyarrow","stocks_69m_partitioned","market_frequency_year_zstd_128mb","warm","4","0.38729","3853.562","69635916","1077997160","327","a45f7770192771b3","","2026-08-19T17:36:14.506333+00:00"
"data_engine","broad_scan","pyarrow","stocks_69m_partitioned","market_frequency_year_zstd_128mb","warm","5","0.408989","3853.551","69635916","1077997160","327","a45f7770192771b3","","2026-08-19T17:36:14.506333+00:00"
"data_engine","single_security","duckdb","stocks_69m_partitioned","market_frequency_year_zstd_128mb","first","0","0.202697","3803.785","69635916","1077997160","327","926d61c45f07933e","","2026-08-19T17:36:14.506333+00:00"
"data_engine","single_security","duckdb","stocks_69m_partitioned","market_frequency_year_zstd_128mb","warm","1","0.199071","3840.371","69635916","1077997160","327","926d61c45f07933e","","2026-08-19T17:36:14.506333+00:00"
"data_engine","single_security","duckdb","stocks_69m_partitioned","market_frequency_year_zstd_128mb","warm","2","0.197704","3844.934","69635916","1077997160","327","926d61c45f07933e","","2026-08-19T17:36:14.506333+00:00"
"data_engine","single_security","duckdb","stocks_69m_partitioned","market_frequency_year_zstd_128mb","warm","3","0.199095","3837.188","69635916","1077997160","327","926d61c45f07933e","","2026-08-19T17:36:14.506333+00:00"
"data_engine","single_security","duckdb","stocks_69m_partitioned","market_frequency_year_zstd_128mb","warm","4","0.198872","3842.992","69635916","1077997160","327","926d61c45f07933e","","2026-08-19T17:36:14.506333+00:00"
"data_engine","single_security","duckdb","stocks_69m_partitioned","market_frequency_year_zstd_128mb","warm","5","0.19707","3848.426","69635916","1077997160","327","926d61c45f07933e","","2026-08-19T17:36:14.506333+00:00"
"data_engine","single_security","polars","stocks_69m_partitioned","market_frequency_year_zstd_128mb","first","0","0.23506","3797.711","69635916","1077997160","327","3263d92918656f00","","2026-08-19T17:36:14.506333+00:00"
"data_engine","single_security","polars","stocks_69m_partitioned","market_frequency_year_zstd_128mb","warm","1","0.157221","2702.531","69635916","1077997160","327","3263d92918656f00","","2026-08-19T17:36:14.506333+00:00"
"data_engine","single_security","polars","stocks_69m_partitioned","market_frequency_year_zstd_128mb","warm","2","0.154898","2693.527","69635916","1077997160","327","3263d92918656f00","","2026-08-19T17:36:14.506333+00:00"
"data_engine","single_security","polars","stocks_69m_partitioned","market_frequency_year_zstd_128mb","warm","3","0.14454","2620.613","69635916","1077997160","327","3263d92918656f00","","2026-08-19T17:36:14.506333+00:00"
"data_engine","single_security","polars","stocks_69m_partitioned","market_frequency_year_zstd_128mb","warm","4","0.14949","2607.137","69635916","1077997160","327","3263d92918656f00","","2026-08-19T17:36:14.506333+00:00"
"data_engine","single_security","polars","stocks_69m_partitioned","market_frequency_year_zstd_128mb","warm","5","0.144595","2602.59","69635916","1077997160","327","3263d92918656f00","","2026-08-19T17:36:14.506333+00:00"
"data_engine","single_security","pyarrow","stocks_69m_partitioned","market_frequency_year_zstd_128mb","first","0","0.152898","2570.75","69635916","1077997160","327","405dfc29a213e8f0","","2026-08-19T17:36:14.506333+00:00"
"data_engine","single_security","pyarrow","stocks_69m_partitioned","market_frequency_year_zstd_128mb","warm","1","0.091578","1301.371","69635916","1077997160","327","405dfc29a213e8f0","","2026-08-19T17:36:14.506333+00:00"
"data_engine","single_security","pyarrow","stocks_69m_partitioned","market_frequency_year_zstd_128mb","warm","2","0.088101","1325.328","69635916","1077997160","327","405dfc29a213e8f0","","2026-08-19T17:36:14.506333+00:00"
"data_engine","single_security","pyarrow","stocks_69m_partitioned","market_frequency_year_zstd_128mb","warm","3","0.089993","1348.66","69635916","1077997160","327","405dfc29a213e8f0","","2026-08-19T17:36:14.506333+00:00"
"data_engine","single_security","pyarrow","stocks_69m_partitioned","market_frequency_year_zstd_128mb","warm","4","0.091693","1367.551","69635916","1077997160","327","405dfc29a213e8f0","","2026-08-19T17:36:14.506333+00:00"
"data_engine","single_security","pyarrow","stocks_69m_partitioned","market_frequency_year_zstd_128mb","warm","5","0.089087","1383.129","69635916","1077997160","327","405dfc29a213e8f0","","2026-08-19T17:36:14.506333+00:00"
"data_engine","date_range","duckdb","stocks_69m_partitioned","market_frequency_year_zstd_128mb","first","0","0.103449","1384.656","69635916","1077997160","327","580e72ab90e2e197","","2026-08-19T17:36:14.506333+00:00"
"data_engine","date_range","duckdb","stocks_69m_partitioned","market_frequency_year_zstd_128mb","warm","1","0.103898","1384.633","69635916","1077997160","327","580e72ab90e2e197","","2026-08-19T17:36:14.506333+00:00"
"data_engine","date_range","duckdb","stocks_69m_partitioned","market_frequency_year_zstd_128mb","warm","2","0.103803","1377.98","69635916","1077997160","327","580e72ab90e2e197","","2026-08-19T17:36:14.506333+00:00"
"data_engine","date_range","duckdb","stocks_69m_partitioned","market_frequency_year_zstd_128mb","warm","3","0.113938","1384.246","69635916","1077997160","327","580e72ab90e2e197","","2026-08-19T17:36:14.506333+00:00"
"data_engine","date_range","duckdb","stocks_69m_partitioned","market_frequency_year_zstd_128mb","warm","4","0.109254","1378.137","69635916","1077997160","327","580e72ab90e2e197","","2026-08-19T17:36:14.506333+00:00"
"data_engine","date_range","duckdb","stocks_69m_partitioned","market_frequency_year_zstd_128mb","warm","5","0.104595","1378.285","69635916","1077997160","327","580e72ab90e2e197","","2026-08-19T17:36:14.506333+00:00"
"data_engine","date_range","polars","stocks_69m_partitioned","market_frequency_year_zstd_128mb","first","0","0.064053","1376.023","69635916","1077997160","327","a25cf1e36507377f","","2026-08-19T17:36:14.507340+00:00"
"data_engine","date_range","polars","stocks_69m_partitioned","market_frequency_year_zstd_128mb","warm","1","0.056181","1409.078","69635916","1077997160","327","a25cf1e36507377f","","2026-08-19T17:36:14.507340+00:00"
"data_engine","date_range","polars","stocks_69m_partitioned","market_frequency_year_zstd_128mb","warm","2","0.0538","1423.879","69635916","1077997160","327","a25cf1e36507377f","","2026-08-19T17:36:14.507340+00:00"
"data_engine","date_range","polars","stocks_69m_partitioned","market_frequency_year_zstd_128mb","warm","3","0.056263","1439.562","69635916","1077997160","327","a25cf1e36507377f","","2026-08-19T17:36:14.507340+00:00"
"data_engine","date_range","polars","stocks_69m_partitioned","market_frequency_year_zstd_128mb","warm","4","0.056257","1456.117","69635916","1077997160","327","a25cf1e36507377f","","2026-08-19T17:36:14.507340+00:00"
"data_engine","date_range","polars","stocks_69m_partitioned","market_frequency_year_zstd_128mb","warm","5","0.055224","1465.207","69635916","1077997160","327","a25cf1e36507377f","","2026-08-19T17:36:14.507340+00:00"
"data_engine","date_range","pyarrow","stocks_69m_partitioned","market_frequency_year_zstd_128mb","first","0","0.073201","1464.246","69635916","1077997160","327","580e72ab90e2e197","","2026-08-19T17:36:14.507340+00:00"
"data_engine","date_range","pyarrow","stocks_69m_partitioned","market_frequency_year_zstd_128mb","warm","1","0.053326","1430.703","69635916","1077997160","327","580e72ab90e2e197","","2026-08-19T17:36:14.507340+00:00"
"data_engine","date_range","pyarrow","stocks_69m_partitioned","market_frequency_year_zstd_128mb","warm","2","0.053263","1445.668","69635916","1077997160","327","580e72ab90e2e197","","2026-08-19T17:36:14.507340+00:00"
"data_engine","date_range","pyarrow","stocks_69m_partitioned","market_frequency_year_zstd_128mb","warm","3","0.050857","1454.441","69635916","1077997160","327","580e72ab90e2e197","","2026-08-19T17:36:14.507340+00:00"
"data_engine","date_range","pyarrow","stocks_69m_partitioned","market_frequency_year_zstd_128mb","warm","4","0.05166","1466.891","69635916","1077997160","327","580e72ab90e2e197","","2026-08-19T17:36:14.507340+00:00"
"data_engine","date_range","pyarrow","stocks_69m_partitioned","market_frequency_year_zstd_128mb","warm","5","0.051016","1472.211","69635916","1077997160","327","580e72ab90e2e197","","2026-08-19T17:36:14.507340+00:00"
"event_engine","import_smoke","pybroker","none","none","compatibility_failed","0","90.027519","","0","0","0","9d4268c7c5dca62d","FAILED: cold import exceeded 90 seconds; python=3.11.15","2026-08-19T17:09:22.128508+00:00"
"event_engine","import_smoke","zipline_reloaded","none","none","compatibility","0","4.031463","","0","0","0","387e424f84b02da6","import_ok; version=3.1.1; python=3.11.15","2026-08-19T17:09:26.161375+00:00"
"event_engine","import_smoke","backtrader","none","none","compatibility","0","0.393539","","0","0","0","a7daef9e42466806","import_ok; version=1.9.78.123; python=3.11.15","2026-08-19T17:09:26.555558+00:00"
"research_backtester","feature_matrix","pandas","gpw_top60","normalized_top60","first","0","0.057319","192.5","83836","13797718","5","c3ff56ba1d2005b2","","2026-08-19T17:10:08.687890+00:00"
"research_backtester","feature_matrix","pandas","gpw_top60","normalized_top60","warm","1","0.054009","205.387","83836","13797718","5","c3ff56ba1d2005b2","","2026-08-19T17:10:08.687890+00:00"
"research_backtester","feature_matrix","pandas","gpw_top60","normalized_top60","warm","2","0.054844","206.016","83836","13797718","5","c3ff56ba1d2005b2","","2026-08-19T17:10:08.687890+00:00"
"research_backtester","feature_matrix","pandas","gpw_top60","normalized_top60","warm","3","0.055565","205.973","83836","13797718","5","c3ff56ba1d2005b2","","2026-08-19T17:10:08.687890+00:00"
"research_backtester","feature_matrix","pandas","gpw_top60","normalized_top60","warm","4","0.052906","206.82","83836","13797718","5","c3ff56ba1d2005b2","","2026-08-19T17:10:08.687890+00:00"
"research_backtester","feature_matrix","pandas","gpw_top60","normalized_top60","warm","5","0.05446","213.43","83836","13797718","5","c3ff56ba1d2005b2","","2026-08-19T17:10:08.687890+00:00"
"research_backtester","feature_matrix","polars","gpw_top60","normalized_top60","first","0","0.034017","273.207","83836","13797718","5","87a6ffc64839c69c","","2026-08-19T17:10:08.687890+00:00"
"research_backtester","feature_matrix","polars","gpw_top60","normalized_top60","warm","1","0.027697","306.91","83836","13797718","5","87a6ffc64839c69c","","2026-08-19T17:10:08.687890+00:00"
"research_backtester","feature_matrix","polars","gpw_top60","normalized_top60","warm","2","0.027949","326.078","83836","13797718","5","87a6ffc64839c69c","","2026-08-19T17:10:08.687890+00:00"
"research_backtester","feature_matrix","polars","gpw_top60","normalized_top60","warm","3","0.038317","342.168","83836","13797718","5","87a6ffc64839c69c","","2026-08-19T17:10:08.687890+00:00"
"research_backtester","feature_matrix","polars","gpw_top60","normalized_top60","warm","4","0.028035","352.082","83836","13797718","5","87a6ffc64839c69c","","2026-08-19T17:10:08.687890+00:00"
"research_backtester","feature_matrix","polars","gpw_top60","normalized_top60","warm","5","0.027301","364.145","83836","13797718","5","87a6ffc64839c69c","","2026-08-19T17:10:08.687890+00:00"
"research_backtester","parameter_sweep_1000","numba","gpw_top60","wide_numpy","first","0","0.000143","445.41","127270","13797718","5","b258434eaf454b2d","shape=(1430, 89); variants=1000","2026-08-19T17:10:09.657409+00:00"
"research_backtester","parameter_sweep_1000","numba","gpw_top60","wide_numpy","warm","1","0.000123","445.469","127270","13797718","5","b258434eaf454b2d","shape=(1430, 89); variants=1000","2026-08-19T17:10:09.657409+00:00"
"research_backtester","parameter_sweep_1000","numba","gpw_top60","wide_numpy","warm","2","0.000169","445.469","127270","13797718","5","b258434eaf454b2d","shape=(1430, 89); variants=1000","2026-08-19T17:10:09.657409+00:00"
"research_backtester","parameter_sweep_1000","numba","gpw_top60","wide_numpy","warm","3","0.000159","445.469","127270","13797718","5","b258434eaf454b2d","shape=(1430, 89); variants=1000","2026-08-19T17:10:09.657409+00:00"
"research_backtester","parameter_sweep_1000","numba","gpw_top60","wide_numpy","warm","4","8.3e-05","445.469","127270","13797718","5","b258434eaf454b2d","shape=(1430, 89); variants=1000","2026-08-19T17:10:09.657409+00:00"
"research_backtester","parameter_sweep_1000","numba","gpw_top60","wide_numpy","warm","5","4.3e-05","445.473","127270","13797718","5","b258434eaf454b2d","shape=(1430, 89); variants=1000","2026-08-19T17:10:09.657409+00:00"
"research_backtester","cold_import_and_ma_grid","vectorbt","gpw_top60","wide_pandas","compatibility_failed","0","120","","83836","13797718","5","06f336c063fd7588","FAILED: cold import and MA grid exceeded 120 seconds","2026-08-19T17:12:09.693786+00:00"
"event_engine","weekly_top10_next_open","custom_daily","gpw_top60","long_pandas","first","0","0.787392","191.574","161289","13797718","5","77f057f499be506a","10bps commission; 15bps slippage; 99.5% gross target to reserve costs","2026-08-19T17:12:31.536792+00:00"
"event_engine","weekly_top10_next_open","custom_daily","gpw_top60","long_pandas","warm","1","0.764423","181.012","161289","13797718","5","77f057f499be506a","10bps commission; 15bps slippage; 99.5% gross target to reserve costs","2026-08-19T17:12:31.536792+00:00"
"event_engine","weekly_top10_next_open","custom_daily","gpw_top60","long_pandas","warm","2","0.764547","176.457","161289","13797718","5","77f057f499be506a","10bps commission; 15bps slippage; 99.5% gross target to reserve costs","2026-08-19T17:12:31.536792+00:00"
"event_engine","weekly_top10_next_open","custom_daily","gpw_top60","long_pandas","warm","3","0.778891","177.539","161289","13797718","5","77f057f499be506a","10bps commission; 15bps slippage; 99.5% gross target to reserve costs","2026-08-19T17:12:31.536792+00:00"
"event_engine","weekly_top10_next_open","custom_daily","gpw_top60","long_pandas","warm","4","0.801715","177.316","161289","13797718","5","77f057f499be506a","10bps commission; 15bps slippage; 99.5% gross target to reserve costs","2026-08-19T17:12:31.536792+00:00"
"event_engine","weekly_top10_next_open","custom_daily","gpw_top60","long_pandas","warm","5","0.784743","181.238","161289","13797718","5","77f057f499be506a","10bps commission; 15bps slippage; 99.5% gross target to reserve costs","2026-08-19T17:12:31.536792+00:00"
"ml","chronological_fit_predict","sklearn_sgd_cpu","real_us_equities","float32_matrix","first","0","0.482958","308.73","300000","1092744797","1","1ad2621a1f6bd4b2","features=56; chronological_80_20; train_cap=200000","2026-08-19T17:24:31.287088+00:00"
"ml","chronological_fit_predict","sklearn_sgd_cpu","real_us_equities","float32_matrix","warm","1","0.465508","309.332","300000","1092744797","1","1ad2621a1f6bd4b2","features=56; chronological_80_20; train_cap=200000","2026-08-19T17:24:31.287088+00:00"
"ml","chronological_fit_predict","lightgbm_cpu","real_us_equities","float32_matrix","first","0","0.726645","448.711","300000","1092744797","1","cbad756ce1cf899f","features=56; trees=100; chronological_80_20","2026-08-19T17:24:31.287088+00:00"
"ml","chronological_fit_predict","lightgbm_cpu","real_us_equities","float32_matrix","warm","1","0.744223","454.43","300000","1092744797","1","cbad756ce1cf899f","features=56; trees=100; chronological_80_20","2026-08-19T17:24:31.287088+00:00"
"ml","chronological_fit_predict","xgboost_cpu","real_us_equities","float32_matrix","first","0","1.010544","474.094","300000","1092744797","1","48ab846744824f3b","features=56; trees=100; chronological_80_20","2026-08-19T17:24:31.287088+00:00"
"ml","chronological_fit_predict","xgboost_cpu","real_us_equities","float32_matrix","warm","1","0.899835","479.148","300000","1092744797","1","48ab846744824f3b","features=56; trees=100; chronological_80_20","2026-08-19T17:24:31.287088+00:00"
"ml","chronological_fit_predict","xgboost_gpu","real_us_equities","float32_matrix","first","0","0.585906","508.367","300000","1092744797","1","48ab846744824f3b","features=56; trees=100; chronological_80_20","2026-08-19T17:24:31.287088+00:00"
"ml","chronological_fit_predict","xgboost_gpu","real_us_equities","float32_matrix","warm","1","0.541685","506.969","300000","1092744797","1","48ab846744824f3b","features=56; trees=100; chronological_80_20","2026-08-19T17:24:31.287088+00:00"
"parquet_layout","initial_write","duckdb","stocks_69m","normalized_monolith_zstd3_rg64mib","first","0","26.848723","17448.574","69635916","1016720008","1","93cf6a3b5fa98526","initial physical write; reused outputs report zero write time","2026-08-19T17:53:17.353245+00:00"
"parquet_layout","broad_scan","duckdb","stocks_69m","normalized_monolith_zstd3_rg64mib","first","0","0.257886","498.082","69635916","1016720008","1","a45f7770192771b3","top_security=^SPX; max_timestamp=2025-12-31 00:00:00","2026-08-19T17:53:17.353245+00:00"
"parquet_layout","broad_scan","duckdb","stocks_69m","normalized_monolith_zstd3_rg64mib","warm","1","0.261829","515.441","69635916","1016720008","1","a45f7770192771b3","top_security=^SPX; max_timestamp=2025-12-31 00:00:00","2026-08-19T17:53:17.353245+00:00"
"parquet_layout","broad_scan","duckdb","stocks_69m","normalized_monolith_zstd3_rg64mib","warm","2","0.428529","480.117","69635916","1016720008","1","a45f7770192771b3","top_security=^SPX; max_timestamp=2025-12-31 00:00:00","2026-08-19T17:53:17.353245+00:00"
"parquet_layout","broad_scan","duckdb","stocks_69m","normalized_monolith_zstd3_rg64mib","warm","3","0.245057","513.25","69635916","1016720008","1","a45f7770192771b3","top_security=^SPX; max_timestamp=2025-12-31 00:00:00","2026-08-19T17:53:17.353245+00:00"
"parquet_layout","broad_scan","duckdb","stocks_69m","normalized_monolith_zstd3_rg64mib","warm","4","0.260082","495.512","69635916","1016720008","1","a45f7770192771b3","top_security=^SPX; max_timestamp=2025-12-31 00:00:00","2026-08-19T17:53:17.353245+00:00"
"parquet_layout","broad_scan","duckdb","stocks_69m","normalized_monolith_zstd3_rg64mib","warm","5","0.257233","498.75","69635916","1016720008","1","a45f7770192771b3","top_security=^SPX; max_timestamp=2025-12-31 00:00:00","2026-08-19T17:53:17.353245+00:00"
"parquet_layout","single_security","duckdb","stocks_69m","normalized_monolith_zstd3_rg64mib","first","0","0.03905","189.059","69635916","1016720008","1","405dfc29a213e8f0","top_security=^SPX; max_timestamp=2025-12-31 00:00:00","2026-08-19T17:53:17.353245+00:00"
"parquet_layout","single_security","duckdb","stocks_69m","normalized_monolith_zstd3_rg64mib","warm","1","0.036281","190.227","69635916","1016720008","1","405dfc29a213e8f0","top_security=^SPX; max_timestamp=2025-12-31 00:00:00","2026-08-19T17:53:17.353245+00:00"
"parquet_layout","single_security","duckdb","stocks_69m","normalized_monolith_zstd3_rg64mib","warm","2","0.036526","196.203","69635916","1016720008","1","405dfc29a213e8f0","top_security=^SPX; max_timestamp=2025-12-31 00:00:00","2026-08-19T17:53:17.354312+00:00"
"parquet_layout","single_security","duckdb","stocks_69m","normalized_monolith_zstd3_rg64mib","warm","3","0.036324","192.359","69635916","1016720008","1","405dfc29a213e8f0","top_security=^SPX; max_timestamp=2025-12-31 00:00:00","2026-08-19T17:53:17.354312+00:00"
"parquet_layout","single_security","duckdb","stocks_69m","normalized_monolith_zstd3_rg64mib","warm","4","0.038314","192.926","69635916","1016720008","1","405dfc29a213e8f0","top_security=^SPX; max_timestamp=2025-12-31 00:00:00","2026-08-19T17:53:17.354312+00:00"
"parquet_layout","single_security","duckdb","stocks_69m","normalized_monolith_zstd3_rg64mib","warm","5","0.038167","197.559","69635916","1016720008","1","405dfc29a213e8f0","top_security=^SPX; max_timestamp=2025-12-31 00:00:00","2026-08-19T17:53:17.354312+00:00"
"parquet_layout","date_range","duckdb","stocks_69m","normalized_monolith_zstd3_rg64mib","first","0","0.244865","412.301","69635916","1016720008","1","580e72ab90e2e197","top_security=^SPX; max_timestamp=2025-12-31 00:00:00","2026-08-19T17:53:17.354312+00:00"
"parquet_layout","date_range","duckdb","stocks_69m","normalized_monolith_zstd3_rg64mib","warm","1","0.228861","372.555","69635916","1016720008","1","580e72ab90e2e197","top_security=^SPX; max_timestamp=2025-12-31 00:00:00","2026-08-19T17:53:17.354312+00:00"
"parquet_layout","date_range","duckdb","stocks_69m","normalized_monolith_zstd3_rg64mib","warm","2","0.188753","385.484","69635916","1016720008","1","580e72ab90e2e197","top_security=^SPX; max_timestamp=2025-12-31 00:00:00","2026-08-19T17:53:17.354312+00:00"
"parquet_layout","date_range","duckdb","stocks_69m","normalized_monolith_zstd3_rg64mib","warm","3","0.187634","390.461","69635916","1016720008","1","580e72ab90e2e197","top_security=^SPX; max_timestamp=2025-12-31 00:00:00","2026-08-19T17:53:17.354312+00:00"
"parquet_layout","date_range","duckdb","stocks_69m","normalized_monolith_zstd3_rg64mib","warm","4","0.210298","370.508","69635916","1016720008","1","580e72ab90e2e197","top_security=^SPX; max_timestamp=2025-12-31 00:00:00","2026-08-19T17:53:17.354312+00:00"
"parquet_layout","date_range","duckdb","stocks_69m","normalized_monolith_zstd3_rg64mib","warm","5","0.207885","372.688","69635916","1016720008","1","580e72ab90e2e197","top_security=^SPX; max_timestamp=2025-12-31 00:00:00","2026-08-19T17:53:17.354312+00:00"
"parquet_layout","security_date_range","duckdb","stocks_69m","normalized_monolith_zstd3_rg64mib","first","0","0.04035","200.02","69635916","1016720008","1","bc02f80eeb629161","top_security=^SPX; max_timestamp=2025-12-31 00:00:00","2026-08-19T17:53:17.354312+00:00"
"parquet_layout","security_date_range","duckdb","stocks_69m","normalized_monolith_zstd3_rg64mib","warm","1","0.039736","201.945","69635916","1016720008","1","bc02f80eeb629161","top_security=^SPX; max_timestamp=2025-12-31 00:00:00","2026-08-19T17:53:17.354312+00:00"
"parquet_layout","security_date_range","duckdb","stocks_69m","normalized_monolith_zstd3_rg64mib","warm","2","0.039025","196.527","69635916","1016720008","1","bc02f80eeb629161","top_security=^SPX; max_timestamp=2025-12-31 00:00:00","2026-08-19T17:53:17.354312+00:00"
"parquet_layout","security_date_range","duckdb","stocks_69m","normalized_monolith_zstd3_rg64mib","warm","3","0.037966","178.547","69635916","1016720008","1","bc02f80eeb629161","top_security=^SPX; max_timestamp=2025-12-31 00:00:00","2026-08-19T17:53:17.354312+00:00"
"parquet_layout","security_date_range","duckdb","stocks_69m","normalized_monolith_zstd3_rg64mib","warm","4","0.039245","200.336","69635916","1016720008","1","bc02f80eeb629161","top_security=^SPX; max_timestamp=2025-12-31 00:00:00","2026-08-19T17:53:17.354312+00:00"
"parquet_layout","security_date_range","duckdb","stocks_69m","normalized_monolith_zstd3_rg64mib","warm","5","0.12895","195.062","69635916","1016720008","1","bc02f80eeb629161","top_security=^SPX; max_timestamp=2025-12-31 00:00:00","2026-08-19T17:53:17.354312+00:00"
"parquet_layout","cross_section_latest","duckdb","stocks_69m","normalized_monolith_zstd3_rg64mib","first","0","0.073416","393.148","69635916","1016720008","1","b61deb6957c96d0e","top_security=^SPX; max_timestamp=2025-12-31 00:00:00","2026-08-19T17:53:17.354312+00:00"
"parquet_layout","cross_section_latest","duckdb","stocks_69m","normalized_monolith_zstd3_rg64mib","warm","1","0.073136","377.961","69635916","1016720008","1","b61deb6957c96d0e","top_security=^SPX; max_timestamp=2025-12-31 00:00:00","2026-08-19T17:53:17.354312+00:00"
"parquet_layout","cross_section_latest","duckdb","stocks_69m","normalized_monolith_zstd3_rg64mib","warm","2","0.070842","339.383","69635916","1016720008","1","b61deb6957c96d0e","top_security=^SPX; max_timestamp=2025-12-31 00:00:00","2026-08-19T17:53:17.354312+00:00"
"parquet_layout","cross_section_latest","duckdb","stocks_69m","normalized_monolith_zstd3_rg64mib","warm","3","0.070532","331.5","69635916","1016720008","1","b61deb6957c96d0e","top_security=^SPX; max_timestamp=2025-12-31 00:00:00","2026-08-19T17:53:17.354312+00:00"
"parquet_layout","cross_section_latest","duckdb","stocks_69m","normalized_monolith_zstd3_rg64mib","warm","4","0.080624","382.512","69635916","1016720008","1","b61deb6957c96d0e","top_security=^SPX; max_timestamp=2025-12-31 00:00:00","2026-08-19T17:53:17.354312+00:00"
"parquet_layout","cross_section_latest","duckdb","stocks_69m","normalized_monolith_zstd3_rg64mib","warm","5","0.089798","381.148","69635916","1016720008","1","b61deb6957c96d0e","top_security=^SPX; max_timestamp=2025-12-31 00:00:00","2026-08-19T17:53:17.354312+00:00"
"parquet_layout","initial_write","duckdb","stocks_69m","normalized_monolith_zstd3_rg128mib","first","0","55.695814","18599.293","69635916","1015574423","1","ea6d6bb0cec885f9","initial physical write; reused outputs report zero write time","2026-08-19T17:53:17.354312+00:00"
"parquet_layout","broad_scan","duckdb","stocks_69m","normalized_monolith_zstd3_rg128mib","first","0","0.283099","593.727","69635916","1015574423","1","a45f7770192771b3","top_security=^SPX; max_timestamp=2025-12-31 00:00:00","2026-08-19T17:53:17.354312+00:00"
"parquet_layout","broad_scan","duckdb","stocks_69m","normalized_monolith_zstd3_rg128mib","warm","1","0.266547","599.477","69635916","1015574423","1","a45f7770192771b3","top_security=^SPX; max_timestamp=2025-12-31 00:00:00","2026-08-19T17:53:17.354312+00:00"
"parquet_layout","broad_scan","duckdb","stocks_69m","normalized_monolith_zstd3_rg128mib","warm","2","0.260947","586.914","69635916","1015574423","1","a45f7770192771b3","top_security=^SPX; max_timestamp=2025-12-31 00:00:00","2026-08-19T17:53:17.354312+00:00"
"parquet_layout","broad_scan","duckdb","stocks_69m","normalized_monolith_zstd3_rg128mib","warm","3","0.272349","597.219","69635916","1015574423","1","a45f7770192771b3","top_security=^SPX; max_timestamp=2025-12-31 00:00:00","2026-08-19T17:53:17.354312+00:00"
"parquet_layout","broad_scan","duckdb","stocks_69m","normalized_monolith_zstd3_rg128mib","warm","4","0.368279","579.922","69635916","1015574423","1","a45f7770192771b3","top_security=^SPX; max_timestamp=2025-12-31 00:00:00","2026-08-19T17:53:17.354312+00:00"
"parquet_layout","broad_scan","duckdb","stocks_69m","normalized_monolith_zstd3_rg128mib","warm","5","0.281212","565.16","69635916","1015574423","1","a45f7770192771b3","top_security=^SPX; max_timestamp=2025-12-31 00:00:00","2026-08-19T17:53:17.354312+00:00"
"parquet_layout","single_security","duckdb","stocks_69m","normalized_monolith_zstd3_rg128mib","first","0","0.069216","237.953","69635916","1015574423","1","405dfc29a213e8f0","top_security=^SPX; max_timestamp=2025-12-31 00:00:00","2026-08-19T17:53:17.354312+00:00"
"parquet_layout","single_security","duckdb","stocks_69m","normalized_monolith_zstd3_rg128mib","warm","1","0.068155","228.426","69635916","1015574423","1","405dfc29a213e8f0","top_security=^SPX; max_timestamp=2025-12-31 00:00:00","2026-08-19T17:53:17.354312+00:00"
"parquet_layout","single_security","duckdb","stocks_69m","normalized_monolith_zstd3_rg128mib","warm","2","0.067843","235.227","69635916","1015574423","1","405dfc29a213e8f0","top_security=^SPX; max_timestamp=2025-12-31 00:00:00","2026-08-19T17:53:17.354312+00:00"
"parquet_layout","single_security","duckdb","stocks_69m","normalized_monolith_zstd3_rg128mib","warm","3","0.067078","235.004","69635916","1015574423","1","405dfc29a213e8f0","top_security=^SPX; max_timestamp=2025-12-31 00:00:00","2026-08-19T17:53:17.354312+00:00"
"parquet_layout","single_security","duckdb","stocks_69m","normalized_monolith_zstd3_rg128mib","warm","4","0.068845","235.062","69635916","1015574423","1","405dfc29a213e8f0","top_security=^SPX; max_timestamp=2025-12-31 00:00:00","2026-08-19T17:53:17.354312+00:00"
"parquet_layout","single_security","duckdb","stocks_69m","normalized_monolith_zstd3_rg128mib","warm","5","0.070887","237.793","69635916","1015574423","1","405dfc29a213e8f0","top_security=^SPX; max_timestamp=2025-12-31 00:00:00","2026-08-19T17:53:17.354312+00:00"
"parquet_layout","date_range","duckdb","stocks_69m","normalized_monolith_zstd3_rg128mib","first","0","0.200158","609.938","69635916","1015574423","1","580e72ab90e2e197","top_security=^SPX; max_timestamp=2025-12-31 00:00:00","2026-08-19T17:53:17.354312+00:00"
"parquet_layout","date_range","duckdb","stocks_69m","normalized_monolith_zstd3_rg128mib","warm","1","0.198379","623.793","69635916","1015574423","1","580e72ab90e2e197","top_security=^SPX; max_timestamp=2025-12-31 00:00:00","2026-08-19T17:53:17.354312+00:00"
"parquet_layout","date_range","duckdb","stocks_69m","normalized_monolith_zstd3_rg128mib","warm","2","0.235327","564.477","69635916","1015574423","1","580e72ab90e2e197","top_security=^SPX; max_timestamp=2025-12-31 00:00:00","2026-08-19T17:53:17.354312+00:00"
"parquet_layout","date_range","duckdb","stocks_69m","normalized_monolith_zstd3_rg128mib","warm","3","0.198224","612.852","69635916","1015574423","1","580e72ab90e2e197","top_security=^SPX; max_timestamp=2025-12-31 00:00:00","2026-08-19T17:53:17.354312+00:00"
"parquet_layout","date_range","duckdb","stocks_69m","normalized_monolith_zstd3_rg128mib","warm","4","0.239238","566.902","69635916","1015574423","1","580e72ab90e2e197","top_security=^SPX; max_timestamp=2025-12-31 00:00:00","2026-08-19T17:53:17.354312+00:00"
"parquet_layout","date_range","duckdb","stocks_69m","normalized_monolith_zstd3_rg128mib","warm","5","0.225754","591.578","69635916","1015574423","1","580e72ab90e2e197","top_security=^SPX; max_timestamp=2025-12-31 00:00:00","2026-08-19T17:53:17.354312+00:00"
"parquet_layout","security_date_range","duckdb","stocks_69m","normalized_monolith_zstd3_rg128mib","first","0","0.075741","236.699","69635916","1015574423","1","bc02f80eeb629161","top_security=^SPX; max_timestamp=2025-12-31 00:00:00","2026-08-19T17:53:17.354312+00:00"
"parquet_layout","security_date_range","duckdb","stocks_69m","normalized_monolith_zstd3_rg128mib","warm","1","0.073931","234.703","69635916","1015574423","1","bc02f80eeb629161","top_security=^SPX; max_timestamp=2025-12-31 00:00:00","2026-08-19T17:53:17.354312+00:00"
"parquet_layout","security_date_range","duckdb","stocks_69m","normalized_monolith_zstd3_rg128mib","warm","2","0.071469","237.016","69635916","1015574423","1","bc02f80eeb629161","top_security=^SPX; max_timestamp=2025-12-31 00:00:00","2026-08-19T17:53:17.354312+00:00"
"parquet_layout","security_date_range","duckdb","stocks_69m","normalized_monolith_zstd3_rg128mib","warm","3","0.0729","239.188","69635916","1015574423","1","bc02f80eeb629161","top_security=^SPX; max_timestamp=2025-12-31 00:00:00","2026-08-19T17:53:17.354312+00:00"
"parquet_layout","security_date_range","duckdb","stocks_69m","normalized_monolith_zstd3_rg128mib","warm","4","0.07317","229.156","69635916","1015574423","1","bc02f80eeb629161","top_security=^SPX; max_timestamp=2025-12-31 00:00:00","2026-08-19T17:53:17.354312+00:00"
"parquet_layout","security_date_range","duckdb","stocks_69m","normalized_monolith_zstd3_rg128mib","warm","5","0.072031","234.234","69635916","1015574423","1","bc02f80eeb629161","top_security=^SPX; max_timestamp=2025-12-31 00:00:00","2026-08-19T17:53:17.354312+00:00"
"parquet_layout","cross_section_latest","duckdb","stocks_69m","normalized_monolith_zstd3_rg128mib","first","0","0.14371","522.129","69635916","1015574423","1","b61deb6957c96d0e","top_security=^SPX; max_timestamp=2025-12-31 00:00:00","2026-08-19T17:53:17.354312+00:00"
"parquet_layout","cross_section_latest","duckdb","stocks_69m","normalized_monolith_zstd3_rg128mib","warm","1","0.149461","497.43","69635916","1015574423","1","b61deb6957c96d0e","top_security=^SPX; max_timestamp=2025-12-31 00:00:00","2026-08-19T17:53:17.354312+00:00"
"parquet_layout","cross_section_latest","duckdb","stocks_69m","normalized_monolith_zstd3_rg128mib","warm","2","0.140922","550.34","69635916","1015574423","1","b61deb6957c96d0e","top_security=^SPX; max_timestamp=2025-12-31 00:00:00","2026-08-19T17:53:17.354312+00:00"
"parquet_layout","cross_section_latest","duckdb","stocks_69m","normalized_monolith_zstd3_rg128mib","warm","3","0.136875","504.855","69635916","1015574423","1","b61deb6957c96d0e","top_security=^SPX; max_timestamp=2025-12-31 00:00:00","2026-08-19T17:53:17.354312+00:00"
"parquet_layout","cross_section_latest","duckdb","stocks_69m","normalized_monolith_zstd3_rg128mib","warm","4","0.146511","514.113","69635916","1015574423","1","b61deb6957c96d0e","top_security=^SPX; max_timestamp=2025-12-31 00:00:00","2026-08-19T17:53:17.354312+00:00"
"parquet_layout","cross_section_latest","duckdb","stocks_69m","normalized_monolith_zstd3_rg128mib","warm","5","0.139141","501.422","69635916","1015574423","1","b61deb6957c96d0e","top_security=^SPX; max_timestamp=2025-12-31 00:00:00","2026-08-19T17:53:17.354312+00:00"
"parquet_layout","initial_write","duckdb","stocks_69m","normalized_monolith_zstd3_rg256mib","first","0","93.014775","17790.719","69635916","1035284510","1","1ddc3fc47ac88645","initial physical write; reused outputs report zero write time","2026-08-19T17:53:17.354312+00:00"
"parquet_layout","broad_scan","duckdb","stocks_69m","normalized_monolith_zstd3_rg256mib","first","0","0.349181","710.977","69635916","1035284510","1","a45f7770192771b3","top_security=^SPX; max_timestamp=2025-12-31 00:00:00","2026-08-19T17:53:17.354312+00:00"
"parquet_layout","broad_scan","duckdb","stocks_69m","normalized_monolith_zstd3_rg256mib","warm","1","0.279474","733.016","69635916","1035284510","1","a45f7770192771b3","top_security=^SPX; max_timestamp=2025-12-31 00:00:00","2026-08-19T17:53:17.354312+00:00"
"parquet_layout","broad_scan","duckdb","stocks_69m","normalized_monolith_zstd3_rg256mib","warm","2","0.27887","732.543","69635916","1035284510","1","a45f7770192771b3","top_security=^SPX; max_timestamp=2025-12-31 00:00:00","2026-08-19T17:53:17.354312+00:00"
"parquet_layout","broad_scan","duckdb","stocks_69m","normalized_monolith_zstd3_rg256mib","warm","3","0.300035","726.547","69635916","1035284510","1","a45f7770192771b3","top_security=^SPX; max_timestamp=2025-12-31 00:00:00","2026-08-19T17:53:17.354312+00:00"
"parquet_layout","broad_scan","duckdb","stocks_69m","normalized_monolith_zstd3_rg256mib","warm","4","0.348598","677.57","69635916","1035284510","1","a45f7770192771b3","top_security=^SPX; max_timestamp=2025-12-31 00:00:00","2026-08-19T17:53:17.354312+00:00"
"parquet_layout","broad_scan","duckdb","stocks_69m","normalized_monolith_zstd3_rg256mib","warm","5","0.296401","782.594","69635916","1035284510","1","a45f7770192771b3","top_security=^SPX; max_timestamp=2025-12-31 00:00:00","2026-08-19T17:53:17.354312+00:00"
"parquet_layout","single_security","duckdb","stocks_69m","normalized_monolith_zstd3_rg256mib","first","0","0.136865","279.527","69635916","1035284510","1","405dfc29a213e8f0","top_security=^SPX; max_timestamp=2025-12-31 00:00:00","2026-08-19T17:53:17.354312+00:00"
"parquet_layout","single_security","duckdb","stocks_69m","normalized_monolith_zstd3_rg256mib","warm","1","0.126045","291.0","69635916","1035284510","1","405dfc29a213e8f0","top_security=^SPX; max_timestamp=2025-12-31 00:00:00","2026-08-19T17:53:17.354312+00:00"
"parquet_layout","single_security","duckdb","stocks_69m","normalized_monolith_zstd3_rg256mib","warm","2","0.130845","291.547","69635916","1035284510","1","405dfc29a213e8f0","top_security=^SPX; max_timestamp=2025-12-31 00:00:00","2026-08-19T17:53:17.354312+00:00"
"parquet_layout","single_security","duckdb","stocks_69m","normalized_monolith_zstd3_rg256mib","warm","3","0.125736","279.344","69635916","1035284510","1","405dfc29a213e8f0","top_security=^SPX; max_timestamp=2025-12-31 00:00:00","2026-08-19T17:53:17.354312+00:00"
"parquet_layout","single_security","duckdb","stocks_69m","normalized_monolith_zstd3_rg256mib","warm","4","0.128843","290.004","69635916","1035284510","1","405dfc29a213e8f0","top_security=^SPX; max_timestamp=2025-12-31 00:00:00","2026-08-19T17:53:17.354312+00:00"
"parquet_layout","single_security","duckdb","stocks_69m","normalized_monolith_zstd3_rg256mib","warm","5","0.125798","293.605","69635916","1035284510","1","405dfc29a213e8f0","top_security=^SPX; max_timestamp=2025-12-31 00:00:00","2026-08-19T17:53:17.354312+00:00"
"parquet_layout","date_range","duckdb","stocks_69m","normalized_monolith_zstd3_rg256mib","first","0","0.192246","644.516","69635916","1035284510","1","580e72ab90e2e197","top_security=^SPX; max_timestamp=2025-12-31 00:00:00","2026-08-19T17:53:17.354312+00:00"
"parquet_layout","date_range","duckdb","stocks_69m","normalized_monolith_zstd3_rg256mib","warm","1","0.192466","650.895","69635916","1035284510","1","580e72ab90e2e197","top_security=^SPX; max_timestamp=2025-12-31 00:00:00","2026-08-19T17:53:17.354312+00:00"
"parquet_layout","date_range","duckdb","stocks_69m","normalized_monolith_zstd3_rg256mib","warm","2","0.204533","659.551","69635916","1035284510","1","580e72ab90e2e197","top_security=^SPX; max_timestamp=2025-12-31 00:00:00","2026-08-19T17:53:17.354312+00:00"
"parquet_layout","date_range","duckdb","stocks_69m","normalized_monolith_zstd3_rg256mib","warm","3","0.22406","676.246","69635916","1035284510","1","580e72ab90e2e197","top_security=^SPX; max_timestamp=2025-12-31 00:00:00","2026-08-19T17:53:17.354312+00:00"
"parquet_layout","date_range","duckdb","stocks_69m","normalized_monolith_zstd3_rg256mib","warm","4","0.202989","670.902","69635916","1035284510","1","580e72ab90e2e197","top_security=^SPX; max_timestamp=2025-12-31 00:00:00","2026-08-19T17:53:17.354312+00:00"
"parquet_layout","date_range","duckdb","stocks_69m","normalized_monolith_zstd3_rg256mib","warm","5","0.195698","648.66","69635916","1035284510","1","580e72ab90e2e197","top_security=^SPX; max_timestamp=2025-12-31 00:00:00","2026-08-19T17:53:17.354312+00:00"
"parquet_layout","security_date_range","duckdb","stocks_69m","normalized_monolith_zstd3_rg256mib","first","0","0.135469","277.891","69635916","1035284510","1","bc02f80eeb629161","top_security=^SPX; max_timestamp=2025-12-31 00:00:00","2026-08-19T17:53:17.354312+00:00"
"parquet_layout","security_date_range","duckdb","stocks_69m","normalized_monolith_zstd3_rg256mib","warm","1","0.132571","285.949","69635916","1035284510","1","bc02f80eeb629161","top_security=^SPX; max_timestamp=2025-12-31 00:00:00","2026-08-19T17:53:17.354312+00:00"
"parquet_layout","security_date_range","duckdb","stocks_69m","normalized_monolith_zstd3_rg256mib","warm","2","0.141195","285.637","69635916","1035284510","1","bc02f80eeb629161","top_security=^SPX; max_timestamp=2025-12-31 00:00:00","2026-08-19T17:53:17.354312+00:00"
"parquet_layout","security_date_range","duckdb","stocks_69m","normalized_monolith_zstd3_rg256mib","warm","3","0.168938","291.484","69635916","1035284510","1","bc02f80eeb629161","top_security=^SPX; max_timestamp=2025-12-31 00:00:00","2026-08-19T17:53:17.354312+00:00"
"parquet_layout","security_date_range","duckdb","stocks_69m","normalized_monolith_zstd3_rg256mib","warm","4","0.133874","290.828","69635916","1035284510","1","bc02f80eeb629161","top_security=^SPX; max_timestamp=2025-12-31 00:00:00","2026-08-19T17:53:17.354312+00:00"
"parquet_layout","security_date_range","duckdb","stocks_69m","normalized_monolith_zstd3_rg256mib","warm","5","0.133673","280.008","69635916","1035284510","1","bc02f80eeb629161","top_security=^SPX; max_timestamp=2025-12-31 00:00:00","2026-08-19T17:53:17.354312+00:00"
"parquet_layout","cross_section_latest","duckdb","stocks_69m","normalized_monolith_zstd3_rg256mib","first","0","0.179858","545.922","69635916","1035284510","1","b61deb6957c96d0e","top_security=^SPX; max_timestamp=2025-12-31 00:00:00","2026-08-19T17:53:17.354312+00:00"
"parquet_layout","cross_section_latest","duckdb","stocks_69m","normalized_monolith_zstd3_rg256mib","warm","1","0.183738","548.676","69635916","1035284510","1","b61deb6957c96d0e","top_security=^SPX; max_timestamp=2025-12-31 00:00:00","2026-08-19T17:53:17.354312+00:00"
"parquet_layout","cross_section_latest","duckdb","stocks_69m","normalized_monolith_zstd3_rg256mib","warm","2","0.209693","539.652","69635916","1035284510","1","b61deb6957c96d0e","top_security=^SPX; max_timestamp=2025-12-31 00:00:00","2026-08-19T17:53:17.354312+00:00"
"parquet_layout","cross_section_latest","duckdb","stocks_69m","normalized_monolith_zstd3_rg256mib","warm","3","0.192609","530.855","69635916","1035284510","1","b61deb6957c96d0e","top_security=^SPX; max_timestamp=2025-12-31 00:00:00","2026-08-19T17:53:17.354312+00:00"
"parquet_layout","cross_section_latest","duckdb","stocks_69m","normalized_monolith_zstd3_rg256mib","warm","4","0.194122","530.012","69635916","1035284510","1","b61deb6957c96d0e","top_security=^SPX; max_timestamp=2025-12-31 00:00:00","2026-08-19T17:53:17.354312+00:00"
"parquet_layout","cross_section_latest","duckdb","stocks_69m","normalized_monolith_zstd3_rg256mib","warm","5","0.190894","544.84","69635916","1035284510","1","b61deb6957c96d0e","top_security=^SPX; max_timestamp=2025-12-31 00:00:00","2026-08-19T17:53:17.354312+00:00"
"parquet_layout","initial_write","duckdb","stocks_69m","normalized_monolith_snappy_rg128mib","first","0","107.242176","15126.496","69635916","1523372868","1","7760a4aadcae5cca","initial physical write; reused outputs report zero write time","2026-08-19T17:53:17.354312+00:00"
"parquet_layout","broad_scan","duckdb","stocks_69m","normalized_monolith_snappy_rg128mib","first","0","0.26911","632.137","69635916","1523372868","1","a45f7770192771b3","top_security=^SPX; max_timestamp=2025-12-31 00:00:00","2026-08-19T17:53:17.354312+00:00"
"parquet_layout","broad_scan","duckdb","stocks_69m","normalized_monolith_snappy_rg128mib","warm","1","0.20706","620.812","69635916","1523372868","1","a45f7770192771b3","top_security=^SPX; max_timestamp=2025-12-31 00:00:00","2026-08-19T17:53:17.354312+00:00"
"parquet_layout","broad_scan","duckdb","stocks_69m","normalized_monolith_snappy_rg128mib","warm","2","0.20504","654.309","69635916","1523372868","1","a45f7770192771b3","top_security=^SPX; max_timestamp=2025-12-31 00:00:00","2026-08-19T17:53:17.355364+00:00"
"parquet_layout","broad_scan","duckdb","stocks_69m","normalized_monolith_snappy_rg128mib","warm","3","0.20578","630.633","69635916","1523372868","1","a45f7770192771b3","top_security=^SPX; max_timestamp=2025-12-31 00:00:00","2026-08-19T17:53:17.355364+00:00"
"parquet_layout","broad_scan","duckdb","stocks_69m","normalized_monolith_snappy_rg128mib","warm","4","0.295259","614.383","69635916","1523372868","1","a45f7770192771b3","top_security=^SPX; max_timestamp=2025-12-31 00:00:00","2026-08-19T17:53:17.355364+00:00"
"parquet_layout","broad_scan","duckdb","stocks_69m","normalized_monolith_snappy_rg128mib","warm","5","0.302329","621.922","69635916","1523372868","1","a45f7770192771b3","top_security=^SPX; max_timestamp=2025-12-31 00:00:00","2026-08-19T17:53:17.355364+00:00"
"parquet_layout","single_security","duckdb","stocks_69m","normalized_monolith_snappy_rg128mib","first","0","0.049576","255.504","69635916","1523372868","1","405dfc29a213e8f0","top_security=^SPX; max_timestamp=2025-12-31 00:00:00","2026-08-19T17:53:17.355364+00:00"
"parquet_layout","single_security","duckdb","stocks_69m","normalized_monolith_snappy_rg128mib","warm","1","0.077288","253.32","69635916","1523372868","1","405dfc29a213e8f0","top_security=^SPX; max_timestamp=2025-12-31 00:00:00","2026-08-19T17:53:17.355364+00:00"
"parquet_layout","single_security","duckdb","stocks_69m","normalized_monolith_snappy_rg128mib","warm","2","0.051494","244.641","69635916","1523372868","1","405dfc29a213e8f0","top_security=^SPX; max_timestamp=2025-12-31 00:00:00","2026-08-19T17:53:17.355364+00:00"
"parquet_layout","single_security","duckdb","stocks_69m","normalized_monolith_snappy_rg128mib","warm","3","0.048316","252.531","69635916","1523372868","1","405dfc29a213e8f0","top_security=^SPX; max_timestamp=2025-12-31 00:00:00","2026-08-19T17:53:17.355364+00:00"
"parquet_layout","single_security","duckdb","stocks_69m","normalized_monolith_snappy_rg128mib","warm","4","0.04591","252.5","69635916","1523372868","1","405dfc29a213e8f0","top_security=^SPX; max_timestamp=2025-12-31 00:00:00","2026-08-19T17:53:17.355364+00:00"
"parquet_layout","single_security","duckdb","stocks_69m","normalized_monolith_snappy_rg128mib","warm","5","0.046182","252.371","69635916","1523372868","1","405dfc29a213e8f0","top_security=^SPX; max_timestamp=2025-12-31 00:00:00","2026-08-19T17:53:17.355364+00:00"
"parquet_layout","date_range","duckdb","stocks_69m","normalized_monolith_snappy_rg128mib","first","0","0.225795","608.09","69635916","1523372868","1","580e72ab90e2e197","top_security=^SPX; max_timestamp=2025-12-31 00:00:00","2026-08-19T17:53:17.355364+00:00"
"parquet_layout","date_range","duckdb","stocks_69m","normalized_monolith_snappy_rg128mib","warm","1","0.223188","599.312","69635916","1523372868","1","580e72ab90e2e197","top_security=^SPX; max_timestamp=2025-12-31 00:00:00","2026-08-19T17:53:17.355364+00:00"
"parquet_layout","date_range","duckdb","stocks_69m","normalized_monolith_snappy_rg128mib","warm","2","0.191729","628.555","69635916","1523372868","1","580e72ab90e2e197","top_security=^SPX; max_timestamp=2025-12-31 00:00:00","2026-08-19T17:53:17.355364+00:00"
"parquet_layout","date_range","duckdb","stocks_69m","normalized_monolith_snappy_rg128mib","warm","3","0.183235","621.516","69635916","1523372868","1","580e72ab90e2e197","top_security=^SPX; max_timestamp=2025-12-31 00:00:00","2026-08-19T17:53:17.355364+00:00"
"parquet_layout","date_range","duckdb","stocks_69m","normalized_monolith_snappy_rg128mib","warm","4","0.177597","645.004","69635916","1523372868","1","580e72ab90e2e197","top_security=^SPX; max_timestamp=2025-12-31 00:00:00","2026-08-19T17:53:17.355364+00:00"
"parquet_layout","date_range","duckdb","stocks_69m","normalized_monolith_snappy_rg128mib","warm","5","0.212972","618.465","69635916","1523372868","1","580e72ab90e2e197","top_security=^SPX; max_timestamp=2025-12-31 00:00:00","2026-08-19T17:53:17.355364+00:00"
"parquet_layout","security_date_range","duckdb","stocks_69m","normalized_monolith_snappy_rg128mib","first","0","0.053368","247.258","69635916","1523372868","1","bc02f80eeb629161","top_security=^SPX; max_timestamp=2025-12-31 00:00:00","2026-08-19T17:53:17.355364+00:00"
"parquet_layout","security_date_range","duckdb","stocks_69m","normalized_monolith_snappy_rg128mib","warm","1","0.055895","247.195","69635916","1523372868","1","bc02f80eeb629161","top_security=^SPX; max_timestamp=2025-12-31 00:00:00","2026-08-19T17:53:17.355364+00:00"
"parquet_layout","security_date_range","duckdb","stocks_69m","normalized_monolith_snappy_rg128mib","warm","2","0.052988","257.273","69635916","1523372868","1","bc02f80eeb629161","top_security=^SPX; max_timestamp=2025-12-31 00:00:00","2026-08-19T17:53:17.355364+00:00"
"parquet_layout","security_date_range","duckdb","stocks_69m","normalized_monolith_snappy_rg128mib","warm","3","0.053939","256.426","69635916","1523372868","1","bc02f80eeb629161","top_security=^SPX; max_timestamp=2025-12-31 00:00:00","2026-08-19T17:53:17.355364+00:00"
"parquet_layout","security_date_range","duckdb","stocks_69m","normalized_monolith_snappy_rg128mib","warm","4","0.052978","255.312","69635916","1523372868","1","bc02f80eeb629161","top_security=^SPX; max_timestamp=2025-12-31 00:00:00","2026-08-19T17:53:17.355364+00:00"
"parquet_layout","security_date_range","duckdb","stocks_69m","normalized_monolith_snappy_rg128mib","warm","5","0.052682","247.746","69635916","1523372868","1","bc02f80eeb629161","top_security=^SPX; max_timestamp=2025-12-31 00:00:00","2026-08-19T17:53:17.355364+00:00"
"parquet_layout","cross_section_latest","duckdb","stocks_69m","normalized_monolith_snappy_rg128mib","first","0","0.117567","559.789","69635916","1523372868","1","b61deb6957c96d0e","top_security=^SPX; max_timestamp=2025-12-31 00:00:00","2026-08-19T17:53:17.355364+00:00"
"parquet_layout","cross_section_latest","duckdb","stocks_69m","normalized_monolith_snappy_rg128mib","warm","1","0.107491","539.117","69635916","1523372868","1","b61deb6957c96d0e","top_security=^SPX; max_timestamp=2025-12-31 00:00:00","2026-08-19T17:53:17.355364+00:00"
"parquet_layout","cross_section_latest","duckdb","stocks_69m","normalized_monolith_snappy_rg128mib","warm","2","0.110803","551.246","69635916","1523372868","1","b61deb6957c96d0e","top_security=^SPX; max_timestamp=2025-12-31 00:00:00","2026-08-19T17:53:17.355364+00:00"
"parquet_layout","cross_section_latest","duckdb","stocks_69m","normalized_monolith_snappy_rg128mib","warm","3","0.112942","607.34","69635916","1523372868","1","b61deb6957c96d0e","top_security=^SPX; max_timestamp=2025-12-31 00:00:00","2026-08-19T17:53:17.355364+00:00"
"parquet_layout","cross_section_latest","duckdb","stocks_69m","normalized_monolith_snappy_rg128mib","warm","4","0.112315","504.242","69635916","1523372868","1","b61deb6957c96d0e","top_security=^SPX; max_timestamp=2025-12-31 00:00:00","2026-08-19T17:53:17.355364+00:00"
"parquet_layout","cross_section_latest","duckdb","stocks_69m","normalized_monolith_snappy_rg128mib","warm","5","0.147119","585.668","69635916","1523372868","1","b61deb6957c96d0e","top_security=^SPX; max_timestamp=2025-12-31 00:00:00","2026-08-19T17:53:17.355364+00:00"
"parquet_layout","broad_scan","duckdb","stocks_69m","market_frequency_year_bucket16_zstd3_rg128","first","0","19.031577","382.543","69635916","1132710288","3477","a45f7770192771b3","top_security=^SPX; max_timestamp=2025-12-31 00:00:00","2026-08-19T17:53:17.355364+00:00"
"parquet_layout","broad_scan","duckdb","stocks_69m","market_frequency_year_bucket16_zstd3_rg128","warm","1","1.305527","389.418","69635916","1132710288","3477","a45f7770192771b3","top_security=^SPX; max_timestamp=2025-12-31 00:00:00","2026-08-19T17:53:17.355364+00:00"
"parquet_layout","broad_scan","duckdb","stocks_69m","market_frequency_year_bucket16_zstd3_rg128","warm","2","1.292521","392.582","69635916","1132710288","3477","a45f7770192771b3","top_security=^SPX; max_timestamp=2025-12-31 00:00:00","2026-08-19T17:53:17.355364+00:00"
"parquet_layout","broad_scan","duckdb","stocks_69m","market_frequency_year_bucket16_zstd3_rg128","warm","3","1.290153","391.02","69635916","1132710288","3477","a45f7770192771b3","top_security=^SPX; max_timestamp=2025-12-31 00:00:00","2026-08-19T17:53:17.355364+00:00"
"parquet_layout","broad_scan","duckdb","stocks_69m","market_frequency_year_bucket16_zstd3_rg128","warm","4","1.291805","393.09","69635916","1132710288","3477","a45f7770192771b3","top_security=^SPX; max_timestamp=2025-12-31 00:00:00","2026-08-19T17:53:17.355364+00:00"
"parquet_layout","broad_scan","duckdb","stocks_69m","market_frequency_year_bucket16_zstd3_rg128","warm","5","1.283413","391.715","69635916","1132710288","3477","a45f7770192771b3","top_security=^SPX; max_timestamp=2025-12-31 00:00:00","2026-08-19T17:53:17.355364+00:00"
"parquet_layout","single_security","duckdb","stocks_69m","market_frequency_year_bucket16_zstd3_rg128","first","0","0.83088","383.504","69635916","1132710288","3477","405dfc29a213e8f0","top_security=^SPX; max_timestamp=2025-12-31 00:00:00","2026-08-19T17:53:17.355364+00:00"
"parquet_layout","single_security","duckdb","stocks_69m","market_frequency_year_bucket16_zstd3_rg128","warm","1","0.825844","383.512","69635916","1132710288","3477","405dfc29a213e8f0","top_security=^SPX; max_timestamp=2025-12-31 00:00:00","2026-08-19T17:53:17.355364+00:00"
"parquet_layout","single_security","duckdb","stocks_69m","market_frequency_year_bucket16_zstd3_rg128","warm","2","0.822249","384.527","69635916","1132710288","3477","405dfc29a213e8f0","top_security=^SPX; max_timestamp=2025-12-31 00:00:00","2026-08-19T17:53:17.355364+00:00"
"parquet_layout","single_security","duckdb","stocks_69m","market_frequency_year_bucket16_zstd3_rg128","warm","3","0.831109","384.133","69635916","1132710288","3477","405dfc29a213e8f0","top_security=^SPX; max_timestamp=2025-12-31 00:00:00","2026-08-19T17:53:17.355364+00:00"
"parquet_layout","single_security","duckdb","stocks_69m","market_frequency_year_bucket16_zstd3_rg128","warm","4","0.82916","383.602","69635916","1132710288","3477","405dfc29a213e8f0","top_security=^SPX; max_timestamp=2025-12-31 00:00:00","2026-08-19T17:53:17.355364+00:00"
"parquet_layout","single_security","duckdb","stocks_69m","market_frequency_year_bucket16_zstd3_rg128","warm","5","0.829542","384.406","69635916","1132710288","3477","405dfc29a213e8f0","top_security=^SPX; max_timestamp=2025-12-31 00:00:00","2026-08-19T17:53:17.355364+00:00"
"parquet_layout","date_range","duckdb","stocks_69m","market_frequency_year_bucket16_zstd3_rg128","first","0","0.854458","386.426","69635916","1132710288","3477","580e72ab90e2e197","top_security=^SPX; max_timestamp=2025-12-31 00:00:00","2026-08-19T17:53:17.355364+00:00"
"parquet_layout","date_range","duckdb","stocks_69m","market_frequency_year_bucket16_zstd3_rg128","warm","1","0.841256","383.609","69635916","1132710288","3477","580e72ab90e2e197","top_security=^SPX; max_timestamp=2025-12-31 00:00:00","2026-08-19T17:53:17.355364+00:00"
"parquet_layout","date_range","duckdb","stocks_69m","market_frequency_year_bucket16_zstd3_rg128","warm","2","0.877572","386.785","69635916","1132710288","3477","580e72ab90e2e197","top_security=^SPX; max_timestamp=2025-12-31 00:00:00","2026-08-19T17:53:17.355364+00:00"
"parquet_layout","date_range","duckdb","stocks_69m","market_frequency_year_bucket16_zstd3_rg128","warm","3","0.883817","383.645","69635916","1132710288","3477","580e72ab90e2e197","top_security=^SPX; max_timestamp=2025-12-31 00:00:00","2026-08-19T17:53:17.355364+00:00"
"parquet_layout","date_range","duckdb","stocks_69m","market_frequency_year_bucket16_zstd3_rg128","warm","4","0.881379","385.09","69635916","1132710288","3477","580e72ab90e2e197","top_security=^SPX; max_timestamp=2025-12-31 00:00:00","2026-08-19T17:53:17.355364+00:00"
"parquet_layout","date_range","duckdb","stocks_69m","market_frequency_year_bucket16_zstd3_rg128","warm","5","0.881083","383.625","69635916","1132710288","3477","580e72ab90e2e197","top_security=^SPX; max_timestamp=2025-12-31 00:00:00","2026-08-19T17:53:17.355364+00:00"
"parquet_layout","security_date_range","duckdb","stocks_69m","market_frequency_year_bucket16_zstd3_rg128","first","0","0.856574","383.641","69635916","1132710288","3477","bc02f80eeb629161","top_security=^SPX; max_timestamp=2025-12-31 00:00:00","2026-08-19T17:53:17.355364+00:00"
"parquet_layout","security_date_range","duckdb","stocks_69m","market_frequency_year_bucket16_zstd3_rg128","warm","1","0.896022","383.641","69635916","1132710288","3477","bc02f80eeb629161","top_security=^SPX; max_timestamp=2025-12-31 00:00:00","2026-08-19T17:53:17.355364+00:00"
"parquet_layout","security_date_range","duckdb","stocks_69m","market_frequency_year_bucket16_zstd3_rg128","warm","2","0.89041","383.637","69635916","1132710288","3477","bc02f80eeb629161","top_security=^SPX; max_timestamp=2025-12-31 00:00:00","2026-08-19T17:53:17.355364+00:00"
"parquet_layout","security_date_range","duckdb","stocks_69m","market_frequency_year_bucket16_zstd3_rg128","warm","3","0.855794","383.641","69635916","1132710288","3477","bc02f80eeb629161","top_security=^SPX; max_timestamp=2025-12-31 00:00:00","2026-08-19T17:53:17.355364+00:00"
"parquet_layout","security_date_range","duckdb","stocks_69m","market_frequency_year_bucket16_zstd3_rg128","warm","4","0.984534","383.641","69635916","1132710288","3477","bc02f80eeb629161","top_security=^SPX; max_timestamp=2025-12-31 00:00:00","2026-08-19T17:53:17.355364+00:00"
"parquet_layout","security_date_range","duckdb","stocks_69m","market_frequency_year_bucket16_zstd3_rg128","warm","5","0.903612","383.648","69635916","1132710288","3477","bc02f80eeb629161","top_security=^SPX; max_timestamp=2025-12-31 00:00:00","2026-08-19T17:53:17.355364+00:00"
"parquet_layout","cross_section_latest","duckdb","stocks_69m","market_frequency_year_bucket16_zstd3_rg128","first","0","0.914092","384.055","69635916","1132710288","3477","b61deb6957c96d0e","top_security=^SPX; max_timestamp=2025-12-31 00:00:00","2026-08-19T17:53:17.355364+00:00"
"parquet_layout","cross_section_latest","duckdb","stocks_69m","market_frequency_year_bucket16_zstd3_rg128","warm","1","0.931828","384.52","69635916","1132710288","3477","b61deb6957c96d0e","top_security=^SPX; max_timestamp=2025-12-31 00:00:00","2026-08-19T17:53:17.355364+00:00"
"parquet_layout","cross_section_latest","duckdb","stocks_69m","market_frequency_year_bucket16_zstd3_rg128","warm","2","0.915414","384.789","69635916","1132710288","3477","b61deb6957c96d0e","top_security=^SPX; max_timestamp=2025-12-31 00:00:00","2026-08-19T17:53:17.355364+00:00"
"parquet_layout","cross_section_latest","duckdb","stocks_69m","market_frequency_year_bucket16_zstd3_rg128","warm","3","0.924552","385.605","69635916","1132710288","3477","b61deb6957c96d0e","top_security=^SPX; max_timestamp=2025-12-31 00:00:00","2026-08-19T17:53:17.355364+00:00"
"parquet_layout","cross_section_latest","duckdb","stocks_69m","market_frequency_year_bucket16_zstd3_rg128","warm","4","0.913703","384.848","69635916","1132710288","3477","b61deb6957c96d0e","top_security=^SPX; max_timestamp=2025-12-31 00:00:00","2026-08-19T17:53:17.355364+00:00"
"parquet_layout","cross_section_latest","duckdb","stocks_69m","market_frequency_year_bucket16_zstd3_rg128","warm","5","0.903154","385.137","69635916","1132710288","3477","b61deb6957c96d0e","top_security=^SPX; max_timestamp=2025-12-31 00:00:00","2026-08-19T17:53:17.355364+00:00"
"parquet_layout","broad_scan","duckdb","gpw_hourly_2m","gpw_hourly_monolith_zstd3_rg64","first","0","0.409874","388.207","2294501","28624617","1","1d40ba8d250c801d","top_security=FW20; max_timestamp=2026-08-18 17:00:00","2026-08-19T17:53:17.355364+00:00"
"parquet_layout","broad_scan","duckdb","gpw_hourly_2m","gpw_hourly_monolith_zstd3_rg64","warm","1","0.01382","387.117","2294501","28624617","1","1d40ba8d250c801d","top_security=FW20; max_timestamp=2026-08-18 17:00:00","2026-08-19T17:53:17.355364+00:00"
"parquet_layout","broad_scan","duckdb","gpw_hourly_2m","gpw_hourly_monolith_zstd3_rg64","warm","2","0.013672","387.32","2294501","28624617","1","1d40ba8d250c801d","top_security=FW20; max_timestamp=2026-08-18 17:00:00","2026-08-19T17:53:17.355364+00:00"
"parquet_layout","broad_scan","duckdb","gpw_hourly_2m","gpw_hourly_monolith_zstd3_rg64","warm","3","0.013453","387.344","2294501","28624617","1","1d40ba8d250c801d","top_security=FW20; max_timestamp=2026-08-18 17:00:00","2026-08-19T17:53:17.355364+00:00"
"parquet_layout","broad_scan","duckdb","gpw_hourly_2m","gpw_hourly_monolith_zstd3_rg64","warm","4","0.013433","387.355","2294501","28624617","1","1d40ba8d250c801d","top_security=FW20; max_timestamp=2026-08-18 17:00:00","2026-08-19T17:53:17.355364+00:00"
"parquet_layout","broad_scan","duckdb","gpw_hourly_2m","gpw_hourly_monolith_zstd3_rg64","warm","5","0.013004","387.41","2294501","28624617","1","1d40ba8d250c801d","top_security=FW20; max_timestamp=2026-08-18 17:00:00","2026-08-19T17:53:17.355364+00:00"
"parquet_layout","single_security","duckdb","gpw_hourly_2m","gpw_hourly_monolith_zstd3_rg64","first","0","0.008209","387.41","2294501","28624617","1","04620758a488ee19","top_security=FW20; max_timestamp=2026-08-18 17:00:00","2026-08-19T17:53:17.355364+00:00"
"parquet_layout","single_security","duckdb","gpw_hourly_2m","gpw_hourly_monolith_zstd3_rg64","warm","1","0.003952","387.41","2294501","28624617","1","04620758a488ee19","top_security=FW20; max_timestamp=2026-08-18 17:00:00","2026-08-19T17:53:17.355364+00:00"
"parquet_layout","single_security","duckdb","gpw_hourly_2m","gpw_hourly_monolith_zstd3_rg64","warm","2","0.003906","387.41","2294501","28624617","1","04620758a488ee19","top_security=FW20; max_timestamp=2026-08-18 17:00:00","2026-08-19T17:53:17.355364+00:00"
"parquet_layout","single_security","duckdb","gpw_hourly_2m","gpw_hourly_monolith_zstd3_rg64","warm","3","0.003826","387.422","2294501","28624617","1","04620758a488ee19","top_security=FW20; max_timestamp=2026-08-18 17:00:00","2026-08-19T17:53:17.355364+00:00"
"parquet_layout","single_security","duckdb","gpw_hourly_2m","gpw_hourly_monolith_zstd3_rg64","warm","4","0.003919","387.434","2294501","28624617","1","04620758a488ee19","top_security=FW20; max_timestamp=2026-08-18 17:00:00","2026-08-19T17:53:17.355364+00:00"
"parquet_layout","single_security","duckdb","gpw_hourly_2m","gpw_hourly_monolith_zstd3_rg64","warm","5","0.003788","387.434","2294501","28624617","1","04620758a488ee19","top_security=FW20; max_timestamp=2026-08-18 17:00:00","2026-08-19T17:53:17.355364+00:00"
"parquet_layout","date_range","duckdb","gpw_hourly_2m","gpw_hourly_monolith_zstd3_rg64","first","0","0.00914","387.676","2294501","28624617","1","7c580d323b246f04","top_security=FW20; max_timestamp=2026-08-18 17:00:00","2026-08-19T17:53:17.355364+00:00"
"parquet_layout","date_range","duckdb","gpw_hourly_2m","gpw_hourly_monolith_zstd3_rg64","warm","1","0.009595","388.348","2294501","28624617","1","7c580d323b246f04","top_security=FW20; max_timestamp=2026-08-18 17:00:00","2026-08-19T17:53:17.355364+00:00"
"parquet_layout","date_range","duckdb","gpw_hourly_2m","gpw_hourly_monolith_zstd3_rg64","warm","2","0.009354","388.375","2294501","28624617","1","7c580d323b246f04","top_security=FW20; max_timestamp=2026-08-18 17:00:00","2026-08-19T17:53:17.355364+00:00"
"parquet_layout","date_range","duckdb","gpw_hourly_2m","gpw_hourly_monolith_zstd3_rg64","warm","3","0.009108","388.375","2294501","28624617","1","7c580d323b246f04","top_security=FW20; max_timestamp=2026-08-18 17:00:00","2026-08-19T17:53:17.355364+00:00"
"parquet_layout","date_range","duckdb","gpw_hourly_2m","gpw_hourly_monolith_zstd3_rg64","warm","4","0.008995","388.387","2294501","28624617","1","7c580d323b246f04","top_security=FW20; max_timestamp=2026-08-18 17:00:00","2026-08-19T17:53:17.355364+00:00"
"parquet_layout","date_range","duckdb","gpw_hourly_2m","gpw_hourly_monolith_zstd3_rg64","warm","5","0.008712","388.387","2294501","28624617","1","7c580d323b246f04","top_security=FW20; max_timestamp=2026-08-18 17:00:00","2026-08-19T17:53:17.355364+00:00"
"parquet_layout","security_date_range","duckdb","gpw_hourly_2m","gpw_hourly_monolith_zstd3_rg64","first","0","0.00483","388.387","2294501","28624617","1","83517914939d7aaa","top_security=FW20; max_timestamp=2026-08-18 17:00:00","2026-08-19T17:53:17.355364+00:00"
"parquet_layout","security_date_range","duckdb","gpw_hourly_2m","gpw_hourly_monolith_zstd3_rg64","warm","1","0.005181","388.387","2294501","28624617","1","83517914939d7aaa","top_security=FW20; max_timestamp=2026-08-18 17:00:00","2026-08-19T17:53:17.355364+00:00"
"parquet_layout","security_date_range","duckdb","gpw_hourly_2m","gpw_hourly_monolith_zstd3_rg64","warm","2","0.003942","388.387","2294501","28624617","1","83517914939d7aaa","top_security=FW20; max_timestamp=2026-08-18 17:00:00","2026-08-19T17:53:17.355364+00:00"
"parquet_layout","security_date_range","duckdb","gpw_hourly_2m","gpw_hourly_monolith_zstd3_rg64","warm","3","0.005327","388.387","2294501","28624617","1","83517914939d7aaa","top_security=FW20; max_timestamp=2026-08-18 17:00:00","2026-08-19T17:53:17.355364+00:00"
"parquet_layout","security_date_range","duckdb","gpw_hourly_2m","gpw_hourly_monolith_zstd3_rg64","warm","4","0.004114","388.387","2294501","28624617","1","83517914939d7aaa","top_security=FW20; max_timestamp=2026-08-18 17:00:00","2026-08-19T17:53:17.355364+00:00"
"parquet_layout","security_date_range","duckdb","gpw_hourly_2m","gpw_hourly_monolith_zstd3_rg64","warm","5","0.004354","388.387","2294501","28624617","1","83517914939d7aaa","top_security=FW20; max_timestamp=2026-08-18 17:00:00","2026-08-19T17:53:17.355364+00:00"
"parquet_layout","cross_section_latest","duckdb","gpw_hourly_2m","gpw_hourly_monolith_zstd3_rg64","first","0","0.026033","390.863","2294501","28624617","1","cc2c4c712913e5c0","top_security=FW20; max_timestamp=2026-08-18 17:00:00","2026-08-19T17:53:17.355364+00:00"
"parquet_layout","cross_section_latest","duckdb","gpw_hourly_2m","gpw_hourly_monolith_zstd3_rg64","warm","1","0.016463","392.094","2294501","28624617","1","cc2c4c712913e5c0","top_security=FW20; max_timestamp=2026-08-18 17:00:00","2026-08-19T17:53:17.355364+00:00"
"parquet_layout","cross_section_latest","duckdb","gpw_hourly_2m","gpw_hourly_monolith_zstd3_rg64","warm","2","0.016814","393.008","2294501","28624617","1","cc2c4c712913e5c0","top_security=FW20; max_timestamp=2026-08-18 17:00:00","2026-08-19T17:53:17.355364+00:00"
"parquet_layout","cross_section_latest","duckdb","gpw_hourly_2m","gpw_hourly_monolith_zstd3_rg64","warm","3","0.018243","394.043","2294501","28624617","1","cc2c4c712913e5c0","top_security=FW20; max_timestamp=2026-08-18 17:00:00","2026-08-19T17:53:17.355364+00:00"
"parquet_layout","cross_section_latest","duckdb","gpw_hourly_2m","gpw_hourly_monolith_zstd3_rg64","warm","4","0.015459","394.961","2294501","28624617","1","cc2c4c712913e5c0","top_security=FW20; max_timestamp=2026-08-18 17:00:00","2026-08-19T17:53:17.355364+00:00"
"parquet_layout","cross_section_latest","duckdb","gpw_hourly_2m","gpw_hourly_monolith_zstd3_rg64","warm","5","0.017312","394.969","2294501","28624617","1","cc2c4c712913e5c0","top_security=FW20; max_timestamp=2026-08-18 17:00:00","2026-08-19T17:53:17.355364+00:00"
"parquet_layout","broad_scan","duckdb","gpw_hourly_2m","gpw_hourly_market_frequency_year_month_zstd3_rg64","first","0","0.412659","400.844","2294501","28841851","26","1d40ba8d250c801d","top_security=FW20; max_timestamp=2026-08-18 17:00:00","2026-08-19T17:53:17.355364+00:00"
"parquet_layout","broad_scan","duckdb","gpw_hourly_2m","gpw_hourly_market_frequency_year_month_zstd3_rg64","warm","1","0.021622","394.996","2294501","28841851","26","1d40ba8d250c801d","top_security=FW20; max_timestamp=2026-08-18 17:00:00","2026-08-19T17:53:17.355364+00:00"
"parquet_layout","broad_scan","duckdb","gpw_hourly_2m","gpw_hourly_market_frequency_year_month_zstd3_rg64","warm","2","0.021361","394.996","2294501","28841851","26","1d40ba8d250c801d","top_security=FW20; max_timestamp=2026-08-18 17:00:00","2026-08-19T17:53:17.355364+00:00"
"parquet_layout","broad_scan","duckdb","gpw_hourly_2m","gpw_hourly_market_frequency_year_month_zstd3_rg64","warm","3","0.020662","394.996","2294501","28841851","26","1d40ba8d250c801d","top_security=FW20; max_timestamp=2026-08-18 17:00:00","2026-08-19T17:53:17.355364+00:00"
"parquet_layout","broad_scan","duckdb","gpw_hourly_2m","gpw_hourly_market_frequency_year_month_zstd3_rg64","warm","4","0.021357","394.996","2294501","28841851","26","1d40ba8d250c801d","top_security=FW20; max_timestamp=2026-08-18 17:00:00","2026-08-19T17:53:17.356417+00:00"
"parquet_layout","broad_scan","duckdb","gpw_hourly_2m","gpw_hourly_market_frequency_year_month_zstd3_rg64","warm","5","0.021145","396.82","2294501","28841851","26","1d40ba8d250c801d","top_security=FW20; max_timestamp=2026-08-18 17:00:00","2026-08-19T17:53:17.356417+00:00"
"parquet_layout","single_security","duckdb","gpw_hourly_2m","gpw_hourly_market_frequency_year_month_zstd3_rg64","first","0","0.016129","395.0","2294501","28841851","26","04620758a488ee19","top_security=FW20; max_timestamp=2026-08-18 17:00:00","2026-08-19T17:53:17.356417+00:00"
"parquet_layout","single_security","duckdb","gpw_hourly_2m","gpw_hourly_market_frequency_year_month_zstd3_rg64","warm","1","0.017737","395.0","2294501","28841851","26","04620758a488ee19","top_security=FW20; max_timestamp=2026-08-18 17:00:00","2026-08-19T17:53:17.356417+00:00"
"parquet_layout","single_security","duckdb","gpw_hourly_2m","gpw_hourly_market_frequency_year_month_zstd3_rg64","warm","2","0.017181","395.016","2294501","28841851","26","04620758a488ee19","top_security=FW20; max_timestamp=2026-08-18 17:00:00","2026-08-19T17:53:17.356417+00:00"
"parquet_layout","single_security","duckdb","gpw_hourly_2m","gpw_hourly_market_frequency_year_month_zstd3_rg64","warm","3","0.016487","395.016","2294501","28841851","26","04620758a488ee19","top_security=FW20; max_timestamp=2026-08-18 17:00:00","2026-08-19T17:53:17.356417+00:00"
"parquet_layout","single_security","duckdb","gpw_hourly_2m","gpw_hourly_market_frequency_year_month_zstd3_rg64","warm","4","0.015711","395.02","2294501","28841851","26","04620758a488ee19","top_security=FW20; max_timestamp=2026-08-18 17:00:00","2026-08-19T17:53:17.356417+00:00"
"parquet_layout","single_security","duckdb","gpw_hourly_2m","gpw_hourly_market_frequency_year_month_zstd3_rg64","warm","5","0.016134","395.02","2294501","28841851","26","04620758a488ee19","top_security=FW20; max_timestamp=2026-08-18 17:00:00","2026-08-19T17:53:17.356417+00:00"
"parquet_layout","date_range","duckdb","gpw_hourly_2m","gpw_hourly_market_frequency_year_month_zstd3_rg64","first","0","0.009724","395.02","2294501","28841851","26","7c580d323b246f04","top_security=FW20; max_timestamp=2026-08-18 17:00:00","2026-08-19T17:53:17.356417+00:00"
"parquet_layout","date_range","duckdb","gpw_hourly_2m","gpw_hourly_market_frequency_year_month_zstd3_rg64","warm","1","0.009263","395.02","2294501","28841851","26","7c580d323b246f04","top_security=FW20; max_timestamp=2026-08-18 17:00:00","2026-08-19T17:53:17.356417+00:00"
"parquet_layout","date_range","duckdb","gpw_hourly_2m","gpw_hourly_market_frequency_year_month_zstd3_rg64","warm","2","0.009527","395.02","2294501","28841851","26","7c580d323b246f04","top_security=FW20; max_timestamp=2026-08-18 17:00:00","2026-08-19T17:53:17.356417+00:00"
"parquet_layout","date_range","duckdb","gpw_hourly_2m","gpw_hourly_market_frequency_year_month_zstd3_rg64","warm","3","0.009114","395.02","2294501","28841851","26","7c580d323b246f04","top_security=FW20; max_timestamp=2026-08-18 17:00:00","2026-08-19T17:53:17.356417+00:00"
"parquet_layout","date_range","duckdb","gpw_hourly_2m","gpw_hourly_market_frequency_year_month_zstd3_rg64","warm","4","0.009378","395.02","2294501","28841851","26","7c580d323b246f04","top_security=FW20; max_timestamp=2026-08-18 17:00:00","2026-08-19T17:53:17.356417+00:00"
"parquet_layout","date_range","duckdb","gpw_hourly_2m","gpw_hourly_market_frequency_year_month_zstd3_rg64","warm","5","0.009075","395.02","2294501","28841851","26","7c580d323b246f04","top_security=FW20; max_timestamp=2026-08-18 17:00:00","2026-08-19T17:53:17.356417+00:00"
"parquet_layout","security_date_range","duckdb","gpw_hourly_2m","gpw_hourly_market_frequency_year_month_zstd3_rg64","first","0","0.00931","395.02","2294501","28841851","26","83517914939d7aaa","top_security=FW20; max_timestamp=2026-08-18 17:00:00","2026-08-19T17:53:17.356417+00:00"
"parquet_layout","security_date_range","duckdb","gpw_hourly_2m","gpw_hourly_market_frequency_year_month_zstd3_rg64","warm","1","0.009549","395.02","2294501","28841851","26","83517914939d7aaa","top_security=FW20; max_timestamp=2026-08-18 17:00:00","2026-08-19T17:53:17.356417+00:00"
"parquet_layout","security_date_range","duckdb","gpw_hourly_2m","gpw_hourly_market_frequency_year_month_zstd3_rg64","warm","2","0.009813","395.02","2294501","28841851","26","83517914939d7aaa","top_security=FW20; max_timestamp=2026-08-18 17:00:00","2026-08-19T17:53:17.356417+00:00"
"parquet_layout","security_date_range","duckdb","gpw_hourly_2m","gpw_hourly_market_frequency_year_month_zstd3_rg64","warm","3","0.010907","395.02","2294501","28841851","26","83517914939d7aaa","top_security=FW20; max_timestamp=2026-08-18 17:00:00","2026-08-19T17:53:17.356417+00:00"
"parquet_layout","security_date_range","duckdb","gpw_hourly_2m","gpw_hourly_market_frequency_year_month_zstd3_rg64","warm","4","0.010207","395.02","2294501","28841851","26","83517914939d7aaa","top_security=FW20; max_timestamp=2026-08-18 17:00:00","2026-08-19T17:53:17.356417+00:00"
"parquet_layout","security_date_range","duckdb","gpw_hourly_2m","gpw_hourly_market_frequency_year_month_zstd3_rg64","warm","5","0.009363","395.02","2294501","28841851","26","83517914939d7aaa","top_security=FW20; max_timestamp=2026-08-18 17:00:00","2026-08-19T17:53:17.356417+00:00"
"parquet_layout","cross_section_latest","duckdb","gpw_hourly_2m","gpw_hourly_market_frequency_year_month_zstd3_rg64","first","0","0.011012","395.02","2294501","28841851","26","cc2c4c712913e5c0","top_security=FW20; max_timestamp=2026-08-18 17:00:00","2026-08-19T17:53:17.356417+00:00"
"parquet_layout","cross_section_latest","duckdb","gpw_hourly_2m","gpw_hourly_market_frequency_year_month_zstd3_rg64","warm","1","0.01194","395.02","2294501","28841851","26","cc2c4c712913e5c0","top_security=FW20; max_timestamp=2026-08-18 17:00:00","2026-08-19T17:53:17.356417+00:00"
"parquet_layout","cross_section_latest","duckdb","gpw_hourly_2m","gpw_hourly_market_frequency_year_month_zstd3_rg64","warm","2","0.011581","395.02","2294501","28841851","26","cc2c4c712913e5c0","top_security=FW20; max_timestamp=2026-08-18 17:00:00","2026-08-19T17:53:17.356417+00:00"
"parquet_layout","cross_section_latest","duckdb","gpw_hourly_2m","gpw_hourly_market_frequency_year_month_zstd3_rg64","warm","3","0.011427","395.02","2294501","28841851","26","cc2c4c712913e5c0","top_security=FW20; max_timestamp=2026-08-18 17:00:00","2026-08-19T17:53:17.356417+00:00"
"parquet_layout","cross_section_latest","duckdb","gpw_hourly_2m","gpw_hourly_market_frequency_year_month_zstd3_rg64","warm","4","0.01149","395.02","2294501","28841851","26","cc2c4c712913e5c0","top_security=FW20; max_timestamp=2026-08-18 17:00:00","2026-08-19T17:53:17.356417+00:00"
"parquet_layout","cross_section_latest","duckdb","gpw_hourly_2m","gpw_hourly_market_frequency_year_month_zstd3_rg64","warm","5","0.011619","395.02","2294501","28841851","26","cc2c4c712913e5c0","top_security=FW20; max_timestamp=2026-08-18 17:00:00","2026-08-19T17:53:17.356417+00:00"
"parquet_layout","initial_write","duckdb","stocks_69m","market_frequency_year_bucket16_zstd3_rg128","first","0","40.093192","9752.176","69635916","1132710288","3477","38e81d5efe5b0060","initial physical write; reused outputs report zero write time","2026-08-19T17:45:26.894192+00:00"
"parquet_layout","initial_write","duckdb","gpw_hourly_2m","gpw_hourly_monolith_zstd3_rg64","first","0","10.50573","1136.707","2294501","28624617","1","958280b96dcd2f56","initial physical write; reused outputs report zero write time","2026-08-19T17:45:26.895198+00:00"
"parquet_layout","initial_write","duckdb","gpw_hourly_2m","gpw_hourly_market_frequency_year_month_zstd3_rg64","first","0","0.71168","934.746","2294501","28841851","26","cfa335f00d6a706e","initial physical write; reused outputs report zero write time","2026-08-19T17:45:26.895702+00:00"
"parquet_layout","broad_scan","duckdb","stocks_69m","market_frequency_year_bucket16_zstd3_rg128_pruned","first","0","1.090439","297.488","69635916","1132710288","3477","a45f7770192771b3","top_security=^SPX; max_timestamp=2025-12-31 00:00:00","2026-08-19T17:55:07.767894+00:00"
"parquet_layout","broad_scan","duckdb","stocks_69m","market_frequency_year_bucket16_zstd3_rg128_pruned","warm","1","1.089243","298.801","69635916","1132710288","3477","a45f7770192771b3","top_security=^SPX; max_timestamp=2025-12-31 00:00:00","2026-08-19T17:55:07.767894+00:00"
"parquet_layout","broad_scan","duckdb","stocks_69m","market_frequency_year_bucket16_zstd3_rg128_pruned","warm","2","1.025046","304.68","69635916","1132710288","3477","a45f7770192771b3","top_security=^SPX; max_timestamp=2025-12-31 00:00:00","2026-08-19T17:55:07.767894+00:00"
"parquet_layout","broad_scan","duckdb","stocks_69m","market_frequency_year_bucket16_zstd3_rg128_pruned","warm","3","1.025832","301.523","69635916","1132710288","3477","a45f7770192771b3","top_security=^SPX; max_timestamp=2025-12-31 00:00:00","2026-08-19T17:55:07.767894+00:00"
"parquet_layout","broad_scan","duckdb","stocks_69m","market_frequency_year_bucket16_zstd3_rg128_pruned","warm","4","1.021732","303.332","69635916","1132710288","3477","a45f7770192771b3","top_security=^SPX; max_timestamp=2025-12-31 00:00:00","2026-08-19T17:55:07.767894+00:00"
"parquet_layout","broad_scan","duckdb","stocks_69m","market_frequency_year_bucket16_zstd3_rg128_pruned","warm","5","1.02475","305.129","69635916","1132710288","3477","a45f7770192771b3","top_security=^SPX; max_timestamp=2025-12-31 00:00:00","2026-08-19T17:55:07.767894+00:00"
"parquet_layout","single_security","duckdb","stocks_69m","market_frequency_year_bucket16_zstd3_rg128_pruned","first","0","0.668698","287.043","69635916","1132710288","3477","405dfc29a213e8f0","top_security=^SPX; max_timestamp=2025-12-31 00:00:00","2026-08-19T17:55:07.767894+00:00"
"parquet_layout","single_security","duckdb","stocks_69m","market_frequency_year_bucket16_zstd3_rg128_pruned","warm","1","0.654314","288.598","69635916","1132710288","3477","405dfc29a213e8f0","top_security=^SPX; max_timestamp=2025-12-31 00:00:00","2026-08-19T17:55:07.767894+00:00"
"parquet_layout","single_security","duckdb","stocks_69m","market_frequency_year_bucket16_zstd3_rg128_pruned","warm","2","0.653253","289.656","69635916","1132710288","3477","405dfc29a213e8f0","top_security=^SPX; max_timestamp=2025-12-31 00:00:00","2026-08-19T17:55:07.767894+00:00"
"parquet_layout","single_security","duckdb","stocks_69m","market_frequency_year_bucket16_zstd3_rg128_pruned","warm","3","0.657202","288.996","69635916","1132710288","3477","405dfc29a213e8f0","top_security=^SPX; max_timestamp=2025-12-31 00:00:00","2026-08-19T17:55:07.767894+00:00"
"parquet_layout","single_security","duckdb","stocks_69m","market_frequency_year_bucket16_zstd3_rg128_pruned","warm","4","0.651968","285.484","69635916","1132710288","3477","405dfc29a213e8f0","top_security=^SPX; max_timestamp=2025-12-31 00:00:00","2026-08-19T17:55:07.767894+00:00"
"parquet_layout","single_security","duckdb","stocks_69m","market_frequency_year_bucket16_zstd3_rg128_pruned","warm","5","0.652196","286.723","69635916","1132710288","3477","405dfc29a213e8f0","top_security=^SPX; max_timestamp=2025-12-31 00:00:00","2026-08-19T17:55:07.767894+00:00"
"parquet_layout","date_range","duckdb","stocks_69m","market_frequency_year_bucket16_zstd3_rg128_pruned","first","0","0.824868","289.422","69635916","1132710288","3477","580e72ab90e2e197","top_security=^SPX; max_timestamp=2025-12-31 00:00:00","2026-08-19T17:55:07.767894+00:00"
"parquet_layout","date_range","duckdb","stocks_69m","market_frequency_year_bucket16_zstd3_rg128_pruned","warm","1","0.841572","288.59","69635916","1132710288","3477","580e72ab90e2e197","top_security=^SPX; max_timestamp=2025-12-31 00:00:00","2026-08-19T17:55:07.767894+00:00"
"parquet_layout","date_range","duckdb","stocks_69m","market_frequency_year_bucket16_zstd3_rg128_pruned","warm","2","0.867805","288.559","69635916","1132710288","3477","580e72ab90e2e197","top_security=^SPX; max_timestamp=2025-12-31 00:00:00","2026-08-19T17:55:07.767894+00:00"
"parquet_layout","date_range","duckdb","stocks_69m","market_frequency_year_bucket16_zstd3_rg128_pruned","warm","3","0.887527","289.965","69635916","1132710288","3477","580e72ab90e2e197","top_security=^SPX; max_timestamp=2025-12-31 00:00:00","2026-08-19T17:55:07.767894+00:00"
"parquet_layout","date_range","duckdb","stocks_69m","market_frequency_year_bucket16_zstd3_rg128_pruned","warm","4","0.830709","290.191","69635916","1132710288","3477","580e72ab90e2e197","top_security=^SPX; max_timestamp=2025-12-31 00:00:00","2026-08-19T17:55:07.767894+00:00"
"parquet_layout","date_range","duckdb","stocks_69m","market_frequency_year_bucket16_zstd3_rg128_pruned","warm","5","0.964347","295.332","69635916","1132710288","3477","580e72ab90e2e197","top_security=^SPX; max_timestamp=2025-12-31 00:00:00","2026-08-19T17:55:07.767894+00:00"
"parquet_layout","security_date_range","duckdb","stocks_69m","market_frequency_year_bucket16_zstd3_rg128_pruned","first","0","0.68424","281.148","69635916","1132710288","3477","bc02f80eeb629161","top_security=^SPX; max_timestamp=2025-12-31 00:00:00","2026-08-19T17:55:07.767894+00:00"
"parquet_layout","security_date_range","duckdb","stocks_69m","market_frequency_year_bucket16_zstd3_rg128_pruned","warm","1","0.646614","281.98","69635916","1132710288","3477","bc02f80eeb629161","top_security=^SPX; max_timestamp=2025-12-31 00:00:00","2026-08-19T17:55:07.767894+00:00"
"parquet_layout","security_date_range","duckdb","stocks_69m","market_frequency_year_bucket16_zstd3_rg128_pruned","warm","2","0.674075","283.219","69635916","1132710288","3477","bc02f80eeb629161","top_security=^SPX; max_timestamp=2025-12-31 00:00:00","2026-08-19T17:55:07.767894+00:00"
"parquet_layout","security_date_range","duckdb","stocks_69m","market_frequency_year_bucket16_zstd3_rg128_pruned","warm","3","0.711832","283.672","69635916","1132710288","3477","bc02f80eeb629161","top_security=^SPX; max_timestamp=2025-12-31 00:00:00","2026-08-19T17:55:07.767894+00:00"
"parquet_layout","security_date_range","duckdb","stocks_69m","market_frequency_year_bucket16_zstd3_rg128_pruned","warm","4","0.754475","283.965","69635916","1132710288","3477","bc02f80eeb629161","top_security=^SPX; max_timestamp=2025-12-31 00:00:00","2026-08-19T17:55:07.767894+00:00"
"parquet_layout","security_date_range","duckdb","stocks_69m","market_frequency_year_bucket16_zstd3_rg128_pruned","warm","5","0.750234","284.102","69635916","1132710288","3477","bc02f80eeb629161","top_security=^SPX; max_timestamp=2025-12-31 00:00:00","2026-08-19T17:55:07.767894+00:00"
"parquet_layout","cross_section_latest","duckdb","stocks_69m","market_frequency_year_bucket16_zstd3_rg128_pruned","first","0","0.941575","294.441","69635916","1132710288","3477","b61deb6957c96d0e","top_security=^SPX; max_timestamp=2025-12-31 00:00:00","2026-08-19T17:55:07.767894+00:00"
"parquet_layout","cross_section_latest","duckdb","stocks_69m","market_frequency_year_bucket16_zstd3_rg128_pruned","warm","1","0.924918","295.855","69635916","1132710288","3477","b61deb6957c96d0e","top_security=^SPX; max_timestamp=2025-12-31 00:00:00","2026-08-19T17:55:07.767894+00:00"
"parquet_layout","cross_section_latest","duckdb","stocks_69m","market_frequency_year_bucket16_zstd3_rg128_pruned","warm","2","0.89807","296.246","69635916","1132710288","3477","b61deb6957c96d0e","top_security=^SPX; max_timestamp=2025-12-31 00:00:00","2026-08-19T17:55:07.767894+00:00"
"parquet_layout","cross_section_latest","duckdb","stocks_69m","market_frequency_year_bucket16_zstd3_rg128_pruned","warm","3","0.907524","296.781","69635916","1132710288","3477","b61deb6957c96d0e","top_security=^SPX; max_timestamp=2025-12-31 00:00:00","2026-08-19T17:55:07.767894+00:00"
"parquet_layout","cross_section_latest","duckdb","stocks_69m","market_frequency_year_bucket16_zstd3_rg128_pruned","warm","4","0.883209","298.793","69635916","1132710288","3477","b61deb6957c96d0e","top_security=^SPX; max_timestamp=2025-12-31 00:00:00","2026-08-19T17:55:07.767894+00:00"
"parquet_layout","cross_section_latest","duckdb","stocks_69m","market_frequency_year_bucket16_zstd3_rg128_pruned","warm","5","0.896258","300.68","69635916","1132710288","3477","b61deb6957c96d0e","top_security=^SPX; max_timestamp=2025-12-31 00:00:00","2026-08-19T17:55:07.767894+00:00"
